Date,Price $/mt,Change,High,Low,Spread,Location,Fuel_Type
12-Mar-2026,979.0,58.5,979.0,979.0,0.0,Global,VLSFO
11-Mar-2026,920.5,59.0,920.5,920.5,0.0,Global,VLSFO
10-Mar-2026,861.5,20.0,861.5,861.5,0.0,Global,VLSFO
09-Mar-2026,841.5,101.5,841.5,841.5,0.0,Global,VLSFO
06-Mar-2026,740.0,49.5,740.0,740.0,0.0,Global,VLSFO
12-Mar-2026,1406.0,91.0,1406.0,1406.0,0.0,Global,MGO
11-Mar-2026,1315.0,60.0,1315.0,1315.0,0.0,Global,MGO
10-Mar-2026,1255.0,6.0,1255.0,1255.0,0.0,Global,MGO
09-Mar-2026,1249.0,114.5,1249.0,1249.0,0.0,Global,MGO
06-Mar-2026,1134.5,60.0,1134.5,1134.5,0.0,Global,MGO
12-Mar-2026,768.0,52.5,768.0,768.0,0.0,Global,IFO380
11-Mar-2026,715.5,3.5,715.5,715.5,0.0,Global,IFO380
10-Mar-2026,712.0,-40.5,712.0,712.0,0.0,Global,IFO380
09-Mar-2026,752.5,125.5,752.5,752.5,0.0,Global,IFO380
06-Mar-2026,627.0,44.0,627.0,627.0,0.0,Global,IFO380
12-Mar-2026,211.0,5.5,211.0,211.0,0.0,Global,SS
11-Mar-2026,205.5,56.0,205.5,205.5,0.0,Global,SS
10-Mar-2026,149.5,60.5,149.5,149.5,0.0,Global,SS
09-Mar-2026,89.0,-23.5,89.0,89.0,0.0,Global,SS
06-Mar-2026,112.5,5.0,112.5,112.5,0.0,Global,SS
12-Mar-2026,907.5,32.5,907.5,907.5,0.0,Global 4 Ports,VLSFO
11-Mar-2026,875.0,22.0,875.0,875.0,0.0,Global 4 Ports,VLSFO
10-Mar-2026,853.0,-57.0,853.0,853.0,0.0,Global 4 Ports,VLSFO
09-Mar-2026,910.0,194.0,910.0,910.0,0.0,Global 4 Ports,VLSFO
06-Mar-2026,716.0,65.5,716.0,716.0,0.0,Global 4 Ports,VLSFO
12-Mar-2026,1389.5,60.0,1389.5,1389.5,0.0,Global 4 Ports,MGO
11-Mar-2026,1329.5,47.0,1329.5,1329.5,0.0,Global 4 Ports,MGO
10-Mar-2026,1282.5,-108.5,1282.5,1282.5,0.0,Global 4 Ports,MGO
09-Mar-2026,1391.0,196.5,1391.0,1391.0,0.0,Global 4 Ports,MGO
06-Mar-2026,1194.5,104.5,1194.5,1194.5,0.0,Global 4 Ports,MGO
12-Mar-2026,1075.5,8.0,1075.5,1075.5,0.0,Global 4 Ports,BIO
11-Mar-2026,1067.5,-20.0,1067.5,1067.5,0.0,Global 4 Ports,BIO
10-Mar-2026,1087.5,-100.0,1087.5,1087.5,0.0,Global 4 Ports,BIO
09-Mar-2026,1187.5,174.0,1187.5,1187.5,0.0,Global 4 Ports,BIO
06-Mar-2026,1013.5,93.0,1013.5,1013.5,0.0,Global 4 Ports,BIO
12-Mar-2026,770.0,41.5,770.0,770.0,0.0,Global 4 Ports,IFO380
11-Mar-2026,728.5,-26.0,728.5,728.5,0.0,Global 4 Ports,IFO380
10-Mar-2026,754.5,-103.5,754.5,754.5,0.0,Global 4 Ports,IFO380
09-Mar-2026,858.0,216.0,858.0,858.0,0.0,Global 4 Ports,IFO380
06-Mar-2026,642.0,67.5,642.0,642.0,0.0,Global 4 Ports,IFO380
12-Mar-2026,137.5,-9.0,137.5,137.5,0.0,Global 4 Ports,SS
11-Mar-2026,146.5,47.5,146.5,146.5,0.0,Global 4 Ports,SS
10-Mar-2026,99.0,47.5,99.0,99.0,0.0,Global 4 Ports,SS
09-Mar-2026,51.5,-22.5,51.5,51.5,0.0,Global 4 Ports,SS
06-Mar-2026,74.0,-2.0,74.0,74.0,0.0,Global 4 Ports,SS
12-Mar-2026,953.0,61.0,953.0,953.0,0.0,Americas,VLSFO
11-Mar-2026,892.0,20.5,892.0,892.0,0.0,Americas,VLSFO
10-Mar-2026,871.5,14.0,871.5,871.5,0.0,Americas,VLSFO
09-Mar-2026,857.5,146.0,857.5,857.5,0.0,Americas,VLSFO
06-Mar-2026,711.5,22.0,711.5,711.5,0.0,Americas,VLSFO
12-Mar-2026,1268.5,46.0,1268.5,1268.5,0.0,Americas,MGO
11-Mar-2026,1222.5,21.5,1222.5,1222.5,0.0,Americas,MGO
10-Mar-2026,1201.0,26.5,1201.0,1201.0,0.0,Americas,MGO
09-Mar-2026,1174.5,132.5,1174.5,1174.5,0.0,Americas,MGO
06-Mar-2026,1042.0,22.5,1042.0,1042.0,0.0,Americas,MGO
12-Mar-2026,737.0,69.5,737.0,737.0,0.0,Americas,IFO380
11-Mar-2026,667.5,30.5,667.5,667.5,0.0,Americas,IFO380
10-Mar-2026,637.0,-29.0,637.0,637.0,0.0,Americas,IFO380
09-Mar-2026,666.0,78.0,666.0,666.0,0.0,Americas,IFO380
06-Mar-2026,588.0,25.0,588.0,588.0,0.0,Americas,IFO380
12-Mar-2026,215.5,-9.0,215.5,215.5,0.0,Americas,SS
11-Mar-2026,224.5,-10.5,224.5,224.5,0.0,Americas,SS
10-Mar-2026,235.0,43.0,235.0,235.0,0.0,Americas,SS
09-Mar-2026,192.0,68.5,192.0,192.0,0.0,Americas,SS
06-Mar-2026,123.5,-2.5,123.5,123.5,0.0,Americas,SS
12-Mar-2026,1116.0,74.5,1116.0,1116.0,0.0,APAC,VLSFO
11-Mar-2026,1041.5,132.0,1041.5,1041.5,0.0,APAC,VLSFO
10-Mar-2026,909.5,26.0,909.5,909.5,0.0,APAC,VLSFO
09-Mar-2026,883.5,76.0,883.5,883.5,0.0,APAC,VLSFO
06-Mar-2026,807.5,77.5,807.5,807.5,0.0,APAC,VLSFO
12-Mar-2026,1584.0,167.5,1584.0,1584.0,0.0,APAC,MGO
11-Mar-2026,1416.5,103.0,1416.5,1416.5,0.0,APAC,MGO
10-Mar-2026,1313.5,22.0,1313.5,1313.5,0.0,APAC,MGO
09-Mar-2026,1291.5,94.0,1291.5,1291.5,0.0,APAC,MGO
06-Mar-2026,1197.5,60.5,1197.5,1197.5,0.0,APAC,MGO
12-Mar-2026,817.5,35.0,817.5,817.5,0.0,APAC,IFO380
11-Mar-2026,782.5,2.0,782.5,782.5,0.0,APAC,IFO380
10-Mar-2026,780.5,-15.0,780.5,780.5,0.0,APAC,IFO380
09-Mar-2026,795.5,136.5,795.5,795.5,0.0,APAC,IFO380
06-Mar-2026,659.0,64.5,659.0,659.0,0.0,APAC,IFO380
12-Mar-2026,298.5,39.5,298.5,298.5,0.0,APAC,SS
11-Mar-2026,259.0,130.0,259.0,259.0,0.0,APAC,SS
10-Mar-2026,129.0,41.0,129.0,129.0,0.0,APAC,SS
09-Mar-2026,88.0,-60.5,88.0,88.0,0.0,APAC,SS
06-Mar-2026,148.5,12.5,148.5,148.5,0.0,APAC,SS
12-Mar-2026,816.0,34.0,816.0,816.0,0.0,EMEA,VLSFO
11-Mar-2026,782.0,-8.5,782.0,782.0,0.0,EMEA,VLSFO
10-Mar-2026,790.5,17.0,790.5,790.5,0.0,EMEA,VLSFO
09-Mar-2026,773.5,100.0,773.5,773.5,0.0,EMEA,VLSFO
06-Mar-2026,673.5,33.0,673.5,673.5,0.0,EMEA,VLSFO
12-Mar-2026,1279.5,21.0,1279.5,1279.5,0.0,EMEA,MGO
11-Mar-2026,1258.5,29.0,1258.5,1258.5,0.0,EMEA,MGO
10-Mar-2026,1229.5,-43.5,1229.5,1229.5,0.0,EMEA,MGO
09-Mar-2026,1273.0,117.5,1273.0,1273.0,0.0,EMEA,MGO
06-Mar-2026,1155.5,109.0,1155.5,1155.5,0.0,EMEA,MGO
12-Mar-2026,737.0,54.5,737.0,737.0,0.0,EMEA,IFO380
11-Mar-2026,682.5,-17.5,682.5,682.5,0.0,EMEA,IFO380
10-Mar-2026,700.0,-75.0,700.0,700.0,0.0,EMEA,IFO380
09-Mar-2026,775.0,150.0,775.0,775.0,0.0,EMEA,IFO380
06-Mar-2026,625.0,37.0,625.0,625.0,0.0,EMEA,IFO380
12-Mar-2026,78.5,-21.0,78.5,78.5,0.0,EMEA,SS
11-Mar-2026,99.5,9.0,99.5,99.5,0.0,EMEA,SS
10-Mar-2026,90.5,92.0,90.5,90.5,0.0,EMEA,SS
09-Mar-2026,-1.5,-50.0,-1.5,-1.5,0.0,EMEA,SS
06-Mar-2026,48.5,-4.0,48.5,48.5,0.0,EMEA,SS
12-Mar-2026,775.5,27.5,847.0,715.0,132.0,Rotterdam,VLSFO
11-Mar-2026,748.0,22.0,790.0,705.0,85.0,Rotterdam,VLSFO
10-Mar-2026,726.0,-46.5,810.0,551.0,259.0,Rotterdam,VLSFO
09-Mar-2026,772.5,141.0,891.0,605.0,286.0,Rotterdam,VLSFO
06-Mar-2026,631.5,16.0,713.0,595.0,118.0,Rotterdam,VLSFO
12-Mar-2026,1133.0,5.5,1204.0,1075.0,129.0,Rotterdam,MGO
11-Mar-2026,1127.5,59.5,1192.0,1055.0,137.0,Rotterdam,MGO
10-Mar-2026,1068.0,-94.5,1170.0,932.5,237.5,Rotterdam,MGO
09-Mar-2026,1162.5,109.0,1279.0,1030.0,249.0,Rotterdam,MGO
06-Mar-2026,1053.5,27.5,1163.0,970.0,193.0,Rotterdam,MGO
12-Mar-2026,1133.0,5.5,1204.0,1075.0,129.0,Rotterdam,LSMGO
11-Mar-2026,1127.5,59.5,1192.0,1055.0,137.0,Rotterdam,LSMGO
10-Mar-2026,1068.0,-94.5,1170.0,932.5,237.5,Rotterdam,LSMGO
09-Mar-2026,1162.5,109.0,1279.0,1030.0,249.0,Rotterdam,LSMGO
06-Mar-2026,1053.5,27.5,1163.0,970.0,193.0,Rotterdam,LSMGO
12-Mar-2026,1056.0,114.5,1056.0,1056.0,0.0,Rotterdam,BIO
11-Mar-2026,941.5,10.0,953.0,930.0,23.0,Rotterdam,BIO
10-Mar-2026,931.5,-85.0,953.0,910.0,43.0,Rotterdam,BIO
09-Mar-2026,1016.5,37.5,1053.0,980.0,73.0,Rotterdam,BIO
06-Mar-2026,979.0,89.0,1058.0,900.0,158.0,Rotterdam,BIO
12-Mar-2026,733.5,36.5,802.0,682.0,120.0,Rotterdam,IFO380
11-Mar-2026,697.0,-5.0,745.0,655.0,90.0,Rotterdam,IFO380
10-Mar-2026,702.0,-65.5,721.0,675.0,46.0,Rotterdam,IFO380
09-Mar-2026,767.5,160.5,846.0,728.0,118.0,Rotterdam,IFO380
06-Mar-2026,607.0,36.5,653.0,577.0,76.0,Rotterdam,IFO380
12-Mar-2026,42.0,-9.0,42.0,42.0,0.0,Rotterdam,SS
11-Mar-2026,51.0,27.0,51.0,51.0,0.0,Rotterdam,SS
10-Mar-2026,24.0,19.0,24.0,24.0,0.0,Rotterdam,SS
09-Mar-2026,5.0,-19.0,5.0,5.0,0.0,Rotterdam,SS
06-Mar-2026,24.0,-20.5,24.0,24.0,0.0,Rotterdam,SS
29-Dec-2025,287.0,0.5,287.0,287.0,0.0,Rotterdam,MEOH
29-Dec-2025,612.0,1.0,612.0,612.0,0.0,Rotterdam,MEOHMGOe
12-Mar-2026,1206.0,0.0,1206.0,1206.0,0.0,Rotterdam,LNG
11-Mar-2026,1206.0,0.0,1206.0,1206.0,0.0,Rotterdam,LNG
10-Mar-2026,1206.0,0.0,1206.0,1206.0,0.0,Rotterdam,LNG
09-Mar-2026,1206.0,381.0,1206.0,1206.0,0.0,Rotterdam,LNG
06-Mar-2026,825.0,0.0,825.0,825.0,0.0,Rotterdam,LNG
12-Mar-2026,971.0,0.0,971.0,971.0,0.0,Rotterdam,LNG-380e
11-Mar-2026,971.0,0.0,971.0,971.0,0.0,Rotterdam,LNG-380e
10-Mar-2026,971.0,0.0,971.0,971.0,0.0,Rotterdam,LNG-380e
09-Mar-2026,971.0,307.0,971.0,971.0,0.0,Rotterdam,LNG-380e
06-Mar-2026,664.0,0.0,664.0,664.0,0.0,Rotterdam,LNG-380e
12-Mar-2026,1016.5,0.0,1016.5,1016.5,0.0,Rotterdam,LNG-MGOe
11-Mar-2026,1016.5,0.0,1016.5,1016.5,0.0,Rotterdam,LNG-MGOe
10-Mar-2026,1016.5,0.0,1016.5,1016.5,0.0,Rotterdam,LNG-MGOe
09-Mar-2026,1016.5,321.0,1016.5,1016.5,0.0,Rotterdam,LNG-MGOe
06-Mar-2026,695.5,0.0,695.5,695.5,0.0,Rotterdam,LNG-MGOe
12-Mar-2026,1085.5,36.5,1153.0,954.0,199.0,Singapore,VLSFO
11-Mar-2026,1049.0,-1.5,1130.0,912.0,218.0,Singapore,VLSFO
10-Mar-2026,1050.5,-65.5,1150.0,768.0,382.0,Singapore,VLSFO
09-Mar-2026,1116.0,293.5,1303.0,830.0,473.0,Singapore,VLSFO
06-Mar-2026,822.5,127.0,990.0,680.0,310.0,Singapore,VLSFO
12-Mar-2026,1779.5,100.0,2071.0,1489.5,581.5,Singapore,MGO
11-Mar-2026,1679.5,83.5,1954.5,1373.0,581.5,Singapore,MGO
10-Mar-2026,1596.0,-172.0,1900.0,1203.0,697.0,Singapore,MGO
09-Mar-2026,1768.0,385.0,2210.0,1355.0,855.0,Singapore,MGO
06-Mar-2026,1383.0,226.0,1655.0,1080.0,575.0,Singapore,MGO
12-Mar-2026,1779.5,100.0,2071.0,1489.5,581.5,Singapore,LSMGO
11-Mar-2026,1679.5,83.5,1954.5,1373.0,581.5,Singapore,LSMGO
10-Mar-2026,1596.0,-172.0,1900.0,1203.0,697.0,Singapore,LSMGO
09-Mar-2026,1768.0,385.0,2210.0,1355.0,855.0,Singapore,LSMGO
06-Mar-2026,1383.0,226.0,1655.0,1080.0,575.0,Singapore,LSMGO
11-Mar-2026,1201.5,-40.0,1253.0,1150.0,103.0,Singapore,BIO
10-Mar-2026,1241.5,-125.0,1253.0,1230.0,23.0,Singapore,BIO
09-Mar-2026,1366.5,385.0,1380.0,1353.0,27.0,Singapore,BIO
06-Mar-2026,981.5,137.5,1053.0,910.0,143.0,Singapore,BIO
05-Mar-2026,844.0,7.5,844.0,844.0,0.0,Singapore,BIO
12-Mar-2026,896.0,26.0,976.0,805.5,170.5,Singapore,IFO380
11-Mar-2026,870.0,-98.5,965.0,767.0,198.0,Singapore,IFO380
10-Mar-2026,968.5,-104.5,1049.5,859.5,190.0,Singapore,IFO380
09-Mar-2026,1073.0,351.0,1153.5,927.0,226.5,Singapore,IFO380
06-Mar-2026,722.0,92.0,805.0,615.0,190.0,Singapore,IFO380
12-Mar-2026,189.5,10.5,189.5,189.5,0.0,Singapore,SS
11-Mar-2026,179.0,97.0,179.0,179.0,0.0,Singapore,SS
10-Mar-2026,82.0,39.0,82.0,82.0,0.0,Singapore,SS
09-Mar-2026,43.0,-57.5,43.0,43.0,0.0,Singapore,SS
06-Mar-2026,100.5,35.5,100.5,100.5,0.0,Singapore,SS
29-Dec-2025,337.0,4.5,337.0,337.0,0.0,Singapore,MEOH
29-Dec-2025,693.0,9.5,693.0,693.0,0.0,Singapore,MEOHVLSF
29-Dec-2025,718.5,10.0,718.5,718.5,0.0,Singapore,MEOHMGOe
12-Mar-2026,716.5,31.5,775.0,670.0,105.0,Houston,VLSFO
11-Mar-2026,685.0,-33.5,710.0,642.0,68.0,Houston,VLSFO
10-Mar-2026,718.5,-57.0,815.0,680.0,135.0,Houston,VLSFO
09-Mar-2026,775.5,107.5,870.0,665.0,205.0,Houston,VLSFO
06-Mar-2026,668.0,67.5,713.0,615.0,98.0,Houston,VLSFO
12-Mar-2026,1132.0,55.0,1247.0,1037.0,210.0,Houston,MGO
11-Mar-2026,1077.0,-38.0,1123.0,989.0,134.0,Houston,MGO
10-Mar-2026,1115.0,-107.5,1203.0,1022.0,181.0,Houston,MGO
09-Mar-2026,1222.5,84.0,1317.0,1131.0,186.0,Houston,MGO
06-Mar-2026,1138.5,122.0,1305.0,994.0,311.0,Houston,MGO
12-Mar-2026,1095.0,35.0,1095.0,1095.0,0.0,Houston,BIO
11-Mar-2026,1060.0,-30.0,1060.0,1060.0,0.0,Houston,BIO
10-Mar-2026,1090.0,-90.0,1090.0,1090.0,0.0,Houston,BIO
09-Mar-2026,1180.0,100.0,1180.0,1180.0,0.0,Houston,BIO
06-Mar-2026,1080.0,52.0,1080.0,1080.0,0.0,Houston,BIO
12-Mar-2026,572.5,26.0,667.0,390.0,277.0,Houston,IFO380
11-Mar-2026,546.5,24.0,623.0,364.0,259.0,Houston,IFO380
10-Mar-2026,522.5,-146.0,703.0,351.0,352.0,Houston,IFO380
09-Mar-2026,668.5,104.0,758.0,490.0,268.0,Houston,IFO380
06-Mar-2026,564.5,81.5,638.0,480.0,158.0,Houston,IFO380
12-Mar-2026,144.0,5.5,144.0,144.0,0.0,Houston,SS
11-Mar-2026,138.5,-57.5,138.5,138.5,0.0,Houston,SS
10-Mar-2026,196.0,89.5,196.0,196.0,0.0,Houston,SS
09-Mar-2026,106.5,3.0,106.5,106.5,0.0,Houston,SS
06-Mar-2026,103.5,-14.0,103.5,103.5,0.0,Houston,SS
29-Dec-2025,301.5,0.0,301.5,301.5,0.0,Houston,MEOH
29-Dec-2025,620.0,0.0,620.0,620.0,0.0,Houston,MEOHVLSF
29-Dec-2025,643.0,0.0,643.0,643.0,0.0,Houston,MEOHMGOe
12-Mar-2026,1052.5,34.5,1102.0,951.5,150.5,Fujairah,VLSFO
11-Mar-2026,1018.0,100.0,1182.0,915.0,267.0,Fujairah,VLSFO
10-Mar-2026,918.0,-57.5,1100.0,737.5,362.5,Fujairah,VLSFO
09-Mar-2026,975.5,233.0,1103.0,795.0,308.0,Fujairah,VLSFO
06-Mar-2026,742.5,51.0,780.0,705.0,75.0,Fujairah,VLSFO
12-Mar-2026,1513.5,80.0,1590.0,1417.5,172.5,Fujairah,MGO
11-Mar-2026,1433.5,83.0,1510.5,1330.0,180.5,Fujairah,MGO
10-Mar-2026,1350.5,-60.5,1450.0,1144.5,305.5,Fujairah,MGO
09-Mar-2026,1411.0,209.0,1603.0,1205.0,398.0,Fujairah,MGO
06-Mar-2026,1202.0,41.5,1231.0,1178.0,53.0,Fujairah,MGO
12-Mar-2026,878.0,77.5,917.5,848.5,69.0,Fujairah,IFO380
11-Mar-2026,800.5,-24.0,843.0,767.0,76.0,Fujairah,IFO380
10-Mar-2026,824.5,-99.5,893.0,793.0,100.0,Fujairah,IFO380
09-Mar-2026,924.0,249.0,1013.0,891.5,121.5,Fujairah,IFO380
06-Mar-2026,675.0,60.5,730.5,635.5,95.0,Fujairah,IFO380
12-Mar-2026,174.5,-43.0,174.5,174.5,0.0,Fujairah,SS
11-Mar-2026,217.5,123.5,217.5,217.5,0.0,Fujairah,SS
10-Mar-2026,94.0,42.0,94.0,94.0,0.0,Fujairah,SS
09-Mar-2026,52.0,-15.5,52.0,52.0,0.0,Fujairah,SS
06-Mar-2026,67.5,-10.0,67.5,67.5,0.0,Fujairah,SS
29-Dec-2025,199.5,3.5,199.5,199.5,0.0,Fujairah,MEOH
29-Dec-2025,410.0,6.5,410.0,410.0,0.0,Fujairah,MEOHVLSF
29-Dec-2025,425.0,7.0,425.0,425.0,0.0,Fujairah,MEOHMGOe
13-Mar-2026,1012.0,33.0,1012.0,1012.0,0.0,Global,VLSFO
13-Mar-2026,1450.0,44.0,1450.0,1450.0,0.0,Global,MGO
13-Mar-2026,784.5,16.5,784.5,784.5,0.0,Global,IFO380
13-Mar-2026,227.5,16.5,227.5,227.5,0.0,Global,SS
13-Mar-2026,925.5,18.0,925.5,925.5,0.0,Global 4 Ports,VLSFO
13-Mar-2026,1455.0,65.5,1455.0,1455.0,0.0,Global 4 Ports,MGO
13-Mar-2026,1101.0,25.5,1101.0,1101.0,0.0,Global 4 Ports,BIO
13-Mar-2026,763.5,-6.5,763.5,763.5,0.0,Global 4 Ports,IFO380
13-Mar-2026,162.0,24.5,162.0,162.0,0.0,Global 4 Ports,SS
13-Mar-2026,967.5,14.5,967.5,967.5,0.0,Americas,VLSFO
13-Mar-2026,1281.0,12.5,1281.0,1281.0,0.0,Americas,MGO
13-Mar-2026,730.0,-7.0,730.0,730.0,0.0,Americas,IFO380
13-Mar-2026,237.5,22.0,237.5,237.5,0.0,Americas,SS
13-Mar-2026,1137.0,21.0,1137.0,1137.0,0.0,APAC,VLSFO
13-Mar-2026,1671.5,87.5,1671.5,1671.5,0.0,APAC,MGO
13-Mar-2026,835.5,18.0,835.5,835.5,0.0,APAC,IFO380
13-Mar-2026,301.5,3.0,301.5,301.5,0.0,APAC,SS
13-Mar-2026,864.5,48.5,864.5,864.5,0.0,EMEA,VLSFO
13-Mar-2026,1290.5,11.0,1290.5,1290.5,0.0,EMEA,MGO
13-Mar-2026,771.0,34.0,771.0,771.0,0.0,EMEA,IFO380
13-Mar-2026,93.5,15.0,93.5,93.5,0.0,EMEA,SS
13-Mar-2026,751.0,-24.5,810.0,640.0,170.0,Rotterdam,VLSFO
13-Mar-2026,1140.5,7.5,1181.0,1085.0,96.0,Rotterdam,MGO
13-Mar-2026,1140.5,7.5,1181.0,1085.0,96.0,Rotterdam,LSMGO
13-Mar-2026,1021.5,-34.5,1070.0,973.0,97.0,Rotterdam,BIO
13-Mar-2026,731.5,-2.0,785.0,680.0,105.0,Rotterdam,IFO380
13-Mar-2026,19.5,-22.5,19.5,19.5,0.0,Rotterdam,SS
13-Mar-2026,1206.0,0.0,1206.0,1206.0,0.0,Rotterdam,LNG
13-Mar-2026,971.0,0.0,971.0,971.0,0.0,Rotterdam,LNG-380e
13-Mar-2026,1016.5,0.0,1016.5,1016.5,0.0,Rotterdam,LNG-MGOe
13-Mar-2026,1120.5,35.0,1162.0,985.0,177.0,Singapore,VLSFO
13-Mar-2026,1920.0,140.5,2201.5,1620.0,581.5,Singapore,MGO
13-Mar-2026,1920.0,140.5,2201.5,1620.0,581.5,Singapore,LSMGO
13-Mar-2026,1196.5,-5.0,1203.0,1190.0,13.0,Singapore,BIO
13-Mar-2026,882.0,-14.0,993.0,793.0,200.0,Singapore,IFO380
13-Mar-2026,238.5,49.0,238.5,238.5,0.0,Singapore,SS
13-Mar-2026,743.0,26.5,785.0,694.0,91.0,Houston,VLSFO
13-Mar-2026,1128.5,-3.5,1165.0,1036.5,128.5,Houston,MGO
13-Mar-2026,1085.0,-10.0,1085.0,1085.0,0.0,Houston,BIO
13-Mar-2026,553.0,-19.5,628.0,370.5,257.5,Houston,IFO380
13-Mar-2026,190.0,46.0,190.0,190.0,0.0,Houston,SS
13-Mar-2026,1088.5,36.0,1150.0,1015.0,135.0,Fujairah,VLSFO
13-Mar-2026,1630.0,116.5,1750.0,1453.0,297.0,Fujairah,MGO
13-Mar-2026,887.5,9.5,917.0,857.5,59.5,Fujairah,IFO380
13-Mar-2026,201.0,26.5,201.0,201.0,0.0,Fujairah,SS
16-Mar-2026,1018.5,6.5,1018.5,1018.5,0.0,Global,VLSFO
16-Mar-2026,1471.5,21.5,1471.5,1471.5,0.0,Global,MGO
16-Mar-2026,789.0,4.5,789.0,789.0,0.0,Global,IFO380
16-Mar-2026,229.0,1.5,229.0,229.0,0.0,Global,SS
16-Mar-2026,941.5,16.0,941.5,941.5,0.0,Global 4 Ports,VLSFO
16-Mar-2026,1473.5,18.5,1473.5,1473.5,0.0,Global 4 Ports,MGO
16-Mar-2026,1136.5,35.5,1136.5,1136.5,0.0,Global 4 Ports,BIO
16-Mar-2026,775.0,11.5,775.0,775.0,0.0,Global 4 Ports,IFO380
16-Mar-2026,166.5,4.5,166.5,166.5,0.0,Global 4 Ports,SS
16-Mar-2026,1001.5,34.0,1001.5,1001.5,0.0,Americas,VLSFO
16-Mar-2026,1308.0,27.0,1308.0,1308.0,0.0,Americas,MGO
16-Mar-2026,742.5,12.5,742.5,742.5,0.0,Americas,IFO380
16-Mar-2026,259.0,21.5,259.0,259.0,0.0,Americas,SS
16-Mar-2026,1130.0,-7.0,1130.0,1130.0,0.0,APAC,VLSFO
16-Mar-2026,1655.0,-16.5,1655.0,1655.0,0.0,APAC,MGO
16-Mar-2026,828.5,-7.0,828.5,828.5,0.0,APAC,IFO380
16-Mar-2026,301.5,0.0,301.5,301.5,0.0,APAC,SS
16-Mar-2026,869.0,4.5,869.0,869.0,0.0,EMEA,VLSFO
16-Mar-2026,1368.5,78.0,1368.5,1368.5,0.0,EMEA,MGO
16-Mar-2026,782.5,11.5,782.5,782.5,0.0,EMEA,IFO380
16-Mar-2026,86.5,-7.0,86.5,86.5,0.0,EMEA,SS
16-Mar-2026,772.5,21.5,811.5,750.0,61.5,Rotterdam,VLSFO
16-Mar-2026,1174.5,34.0,1213.0,1150.0,63.0,Rotterdam,MGO
16-Mar-2026,1174.5,34.0,1213.0,1150.0,63.0,Rotterdam,LSMGO
16-Mar-2026,1090.0,68.5,1090.0,1090.0,0.0,Rotterdam,BIO
16-Mar-2026,725.0,-6.5,774.0,692.0,82.0,Rotterdam,IFO380
16-Mar-2026,47.5,28.0,47.5,47.5,0.0,Rotterdam,SS
05-Jan-2026,287.5,0.5,287.5,287.5,0.0,Rotterdam,MEOH
05-Jan-2026,612.5,0.5,612.5,612.5,0.0,Rotterdam,MEOHMGOe
16-Mar-2026,1119.5,-1.0,1167.5,1070.5,97.0,Singapore,VLSFO
16-Mar-2026,1865.5,-54.5,2161.0,1724.5,436.5,Singapore,MGO
16-Mar-2026,1865.5,-54.5,2161.0,1724.5,436.5,Singapore,LSMGO
16-Mar-2026,1220.0,23.5,1220.0,1220.0,0.0,Singapore,BIO
16-Mar-2026,851.0,-31.0,964.5,783.5,181.0,Singapore,IFO380
16-Mar-2026,268.5,30.0,268.5,268.5,0.0,Singapore,SS
05-Jan-2026,337.0,0.0,337.0,337.0,0.0,Singapore,MEOH
05-Jan-2026,693.0,0.0,693.0,693.0,0.0,Singapore,MEOHVLSF
05-Jan-2026,718.5,0.0,718.5,718.5,0.0,Singapore,MEOHMGOe
16-Mar-2026,788.5,45.5,800.0,760.0,40.0,Houston,VLSFO
16-Mar-2026,1201.0,72.5,1208.0,1195.0,13.0,Houston,MGO
16-Mar-2026,1100.0,15.0,1100.0,1100.0,0.0,Houston,BIO
16-Mar-2026,655.5,102.5,733.0,475.5,257.5,Houston,IFO380
16-Mar-2026,133.0,-57.0,133.0,133.0,0.0,Houston,SS
05-Jan-2026,296.5,-5.0,296.5,296.5,0.0,Houston,MEOH
05-Jan-2026,610.0,-10.0,610.0,610.0,0.0,Houston,MEOHVLSF
05-Jan-2026,632.5,-10.5,632.5,632.5,0.0,Houston,MEOHMGOe
16-Mar-2026,1085.0,-3.5,1147.0,1027.0,120.0,Fujairah,VLSFO
16-Mar-2026,1653.5,23.5,1772.0,1476.5,295.5,Fujairah,MGO
16-Mar-2026,868.0,-19.5,884.0,833.5,50.5,Fujairah,IFO380
16-Mar-2026,217.0,16.0,217.0,217.0,0.0,Fujairah,SS
05-Jan-2026,201.5,2.0,201.5,201.5,0.0,Fujairah,MEOH
05-Jan-2026,414.0,4.0,414.0,414.0,0.0,Fujairah,MEOHVLSF
05-Jan-2026,429.0,4.0,429.0,429.0,0.0,Fujairah,MEOHMGOe
17-Mar-2026,1015.0,-3.5,1015.0,1015.0,0.0,Global,VLSFO
17-Mar-2026,1445.5,-26.0,1445.5,1445.5,0.0,Global,MGO
17-Mar-2026,782.5,-6.5,782.5,782.5,0.0,Global,IFO380
17-Mar-2026,232.5,3.5,232.5,232.5,0.0,Global,SS
17-Mar-2026,919.5,-22.0,919.5,919.5,0.0,Global 4 Ports,VLSFO
17-Mar-2026,1462.5,-11.0,1462.5,1462.5,0.0,Global 4 Ports,MGO
17-Mar-2026,1118.5,-18.0,1118.5,1118.5,0.0,Global 4 Ports,BIO
17-Mar-2026,745.5,-29.5,745.5,745.5,0.0,Global 4 Ports,IFO380
17-Mar-2026,174.5,8.0,174.5,174.5,0.0,Global 4 Ports,SS
17-Mar-2026,975.0,-26.5,975.0,975.0,0.0,Americas,VLSFO
17-Mar-2026,1298.5,-9.5,1298.5,1298.5,0.0,Americas,MGO
17-Mar-2026,747.5,5.0,747.5,747.5,0.0,Americas,IFO380
17-Mar-2026,227.5,-31.5,227.5,227.5,0.0,Americas,SS
17-Mar-2026,1133.0,3.0,1133.0,1133.0,0.0,APAC,VLSFO
17-Mar-2026,1621.5,-33.5,1621.5,1621.5,0.0,APAC,MGO
17-Mar-2026,807.5,-21.0,807.5,807.5,0.0,APAC,IFO380
17-Mar-2026,325.5,24.0,325.5,325.5,0.0,APAC,SS
17-Mar-2026,871.5,2.5,871.5,871.5,0.0,EMEA,VLSFO
17-Mar-2026,1333.0,-35.5,1333.0,1333.0,0.0,EMEA,MGO
17-Mar-2026,784.0,1.5,784.0,784.0,0.0,EMEA,IFO380
17-Mar-2026,87.5,1.0,87.5,87.5,0.0,EMEA,SS
17-Mar-2026,764.0,-8.5,785.0,739.5,45.5,Rotterdam,VLSFO
17-Mar-2026,1179.0,4.5,1196.5,1151.5,45.0,Rotterdam,MGO
17-Mar-2026,1179.0,4.5,1196.5,1151.5,45.0,Rotterdam,LSMGO
17-Mar-2026,1020.0,-70.0,1020.0,1020.0,0.0,Rotterdam,BIO
17-Mar-2026,717.5,-7.5,761.0,692.0,69.0,Rotterdam,IFO380
17-Mar-2026,46.5,-1.0,46.5,46.5,0.0,Rotterdam,SS
17-Mar-2026,1047.0,0.0,1047.0,1047.0,0.0,Rotterdam,LNG
16-Mar-2026,1047.0,-159.0,1047.0,1047.0,0.0,Rotterdam,LNG
17-Mar-2026,843.0,0.0,843.0,843.0,0.0,Rotterdam,LNG-380e
16-Mar-2026,843.0,-128.0,843.0,843.0,0.0,Rotterdam,LNG-380e
17-Mar-2026,882.5,0.0,882.5,882.5,0.0,Rotterdam,LNG-MGOe
16-Mar-2026,882.5,-134.0,882.5,882.5,0.0,Rotterdam,LNG-MGOe
17-Mar-2026,1076.5,-43.0,1155.0,1005.0,150.0,Singapore,VLSFO
17-Mar-2026,1807.0,-58.5,2102.5,1669.0,433.5,Singapore,MGO
17-Mar-2026,1807.0,-58.5,2102.5,1669.0,433.5,Singapore,LSMGO
17-Mar-2026,1195.0,-25.0,1195.0,1195.0,0.0,Singapore,BIO
17-Mar-2026,789.0,-62.0,840.0,720.5,119.5,Singapore,IFO380
17-Mar-2026,287.5,19.0,287.5,287.5,0.0,Singapore,SS
17-Mar-2026,778.0,-10.5,820.0,753.0,67.0,Houston,VLSFO
17-Mar-2026,1212.0,11.0,1249.0,1195.0,54.0,Houston,MGO
17-Mar-2026,1140.0,40.0,1140.0,1140.0,0.0,Houston,BIO
17-Mar-2026,636.5,-19.0,712.0,456.5,255.5,Houston,IFO380
17-Mar-2026,141.0,8.0,141.0,141.0,0.0,Houston,SS
17-Mar-2026,1060.5,-24.5,1107.0,1004.0,103.0,Fujairah,VLSFO
17-Mar-2026,1651.5,-2.0,1735.5,1477.0,258.5,Fujairah,MGO
17-Mar-2026,838.5,-29.5,860.0,808.5,51.5,Fujairah,IFO380
17-Mar-2026,222.0,5.0,222.0,222.0,0.0,Fujairah,SS
18-Mar-2026,1012.0,-3.0,1012.0,1012.0,0.0,Global,VLSFO
18-Mar-2026,1464.5,19.0,1464.5,1464.5,0.0,Global,MGO
18-Mar-2026,785.5,3.0,785.5,785.5,0.0,Global,IFO380
18-Mar-2026,226.5,-6.0,226.5,226.5,0.0,Global,SS
18-Mar-2026,907.0,-12.5,907.0,907.0,0.0,Global 4 Ports,VLSFO
18-Mar-2026,1463.5,1.0,1463.5,1463.5,0.0,Global 4 Ports,MGO
18-Mar-2026,1140.0,21.5,1140.0,1140.0,0.0,Global 4 Ports,BIO
18-Mar-2026,753.0,7.5,753.0,753.0,0.0,Global 4 Ports,IFO380
18-Mar-2026,153.5,-21.0,153.5,153.5,0.0,Global 4 Ports,SS
18-Mar-2026,981.5,6.5,981.5,981.5,0.0,Americas,VLSFO
18-Mar-2026,1337.0,38.5,1337.0,1337.0,0.0,Americas,MGO
18-Mar-2026,760.0,12.5,760.0,760.0,0.0,Americas,IFO380
18-Mar-2026,221.5,-6.0,221.5,221.5,0.0,Americas,SS
18-Mar-2026,1110.0,-23.0,1110.0,1110.0,0.0,APAC,VLSFO
18-Mar-2026,1618.5,-3.0,1618.5,1618.5,0.0,APAC,MGO
18-Mar-2026,814.0,6.5,814.0,814.0,0.0,APAC,IFO380
18-Mar-2026,296.5,-29.0,296.5,296.5,0.0,APAC,SS
18-Mar-2026,891.5,20.0,891.5,891.5,0.0,EMEA,VLSFO
18-Mar-2026,1366.5,33.5,1366.5,1366.5,0.0,EMEA,MGO
18-Mar-2026,775.5,-8.5,775.5,775.5,0.0,EMEA,IFO380
18-Mar-2026,116.0,28.5,116.0,116.0,0.0,EMEA,SS
18-Mar-2026,784.0,20.0,815.0,750.0,65.0,Rotterdam,VLSFO
18-Mar-2026,1193.0,14.0,1225.0,1165.0,60.0,Rotterdam,MGO
18-Mar-2026,1193.0,14.0,1225.0,1165.0,60.0,Rotterdam,LSMGO
18-Mar-2026,1070.0,50.0,1070.0,1070.0,0.0,Rotterdam,BIO
18-Mar-2026,718.5,1.0,755.0,690.0,65.0,Rotterdam,IFO380
18-Mar-2026,65.5,19.0,65.5,65.5,0.0,Rotterdam,SS
18-Mar-2026,1047.0,0.0,1047.0,1047.0,0.0,Rotterdam,LNG
18-Mar-2026,843.0,0.0,843.0,843.0,0.0,Rotterdam,LNG-380e
18-Mar-2026,882.5,0.0,882.5,882.5,0.0,Rotterdam,LNG-MGOe
18-Mar-2026,1004.5,-72.0,1029.5,990.0,39.5,Singapore,VLSFO
18-Mar-2026,1777.0,-30.0,2076.0,1642.5,433.5,Singapore,MGO
18-Mar-2026,1777.0,-30.0,2076.0,1642.5,433.5,Singapore,LSMGO
18-Mar-2026,1190.0,-5.0,1190.0,1190.0,0.0,Singapore,BIO
18-Mar-2026,802.0,13.0,847.0,780.0,67.0,Singapore,IFO380
18-Mar-2026,202.5,-85.0,202.5,202.5,0.0,Singapore,SS
18-Mar-2026,806.5,28.5,865.0,766.0,99.0,Houston,VLSFO
18-Mar-2026,1240.5,28.5,1275.0,1193.0,82.0,Houston,MGO
18-Mar-2026,1160.0,20.0,1160.0,1160.0,0.0,Houston,BIO
18-Mar-2026,681.0,44.5,747.0,625.0,122.0,Houston,IFO380
18-Mar-2026,126.0,-15.0,126.0,126.0,0.0,Houston,SS
18-Mar-2026,1032.0,-28.5,1063.5,977.5,86.0,Fujairah,VLSFO
18-Mar-2026,1642.5,-9.0,1705.0,1471.0,234.0,Fujairah,MGO
18-Mar-2026,812.0,-26.5,824.5,805.0,19.5,Fujairah,IFO380
18-Mar-2026,220.5,-1.5,220.5,220.5,0.0,Fujairah,SS
19-Mar-2026,1049.0,37.0,1049.0,1049.0,0.0,Global,VLSFO
19-Mar-2026,1525.0,60.5,1525.0,1525.0,0.0,Global,MGO
19-Mar-2026,846.0,60.5,846.0,846.0,0.0,Global,IFO380
19-Mar-2026,203.0,-23.5,203.0,203.0,0.0,Global,SS
19-Mar-2026,961.5,54.5,961.5,961.5,0.0,Global 4 Ports,VLSFO
19-Mar-2026,1571.0,107.5,1571.0,1571.0,0.0,Global 4 Ports,MGO
19-Mar-2026,873.5,120.5,873.5,873.5,0.0,Global 4 Ports,IFO380
19-Mar-2026,88.0,-65.5,88.0,88.0,0.0,Global 4 Ports,SS
19-Mar-2026,999.0,17.5,999.0,999.0,0.0,Americas,VLSFO
19-Mar-2026,1357.0,20.0,1357.0,1357.0,0.0,Americas,MGO
19-Mar-2026,774.0,14.0,774.0,774.0,0.0,Americas,IFO380
19-Mar-2026,225.0,3.5,225.0,225.0,0.0,Americas,SS
19-Mar-2026,1161.0,51.0,1161.0,1161.0,0.0,APAC,VLSFO
19-Mar-2026,1686.0,67.5,1686.0,1686.0,0.0,APAC,MGO
19-Mar-2026,904.5,90.5,904.5,904.5,0.0,APAC,IFO380
19-Mar-2026,256.5,-40.0,256.5,256.5,0.0,APAC,SS
19-Mar-2026,925.0,33.5,925.0,925.0,0.0,EMEA,VLSFO
19-Mar-2026,1462.0,95.5,1462.0,1462.0,0.0,EMEA,MGO
19-Mar-2026,841.5,66.0,841.5,841.5,0.0,EMEA,IFO380
19-Mar-2026,83.5,-32.5,83.5,83.5,0.0,EMEA,SS
19-Mar-2026,815.5,31.5,850.0,780.0,70.0,Rotterdam,VLSFO
19-Mar-2026,1287.5,94.5,1355.0,1177.0,178.0,Rotterdam,MGO
19-Mar-2026,1287.5,94.5,1355.0,1177.0,178.0,Rotterdam,LSMGO
19-Mar-2026,754.5,36.0,775.0,720.0,55.0,Rotterdam,IFO380
19-Mar-2026,274.5,209.0,274.5,274.5,0.0,Rotterdam,SS
19-Mar-2026,1047.0,0.0,1047.0,1047.0,0.0,Rotterdam,LNG
19-Mar-2026,843.0,0.0,843.0,843.0,0.0,Rotterdam,LNG-380e
19-Mar-2026,882.5,0.0,882.5,882.5,0.0,Rotterdam,LNG-MGOe
19-Mar-2026,1070.0,65.5,1094.5,1055.0,39.5,Singapore,VLSFO
19-Mar-2026,1873.0,96.0,2060.0,1735.5,324.5,Singapore,MGO
19-Mar-2026,1873.0,96.0,2060.0,1735.5,324.5,Singapore,LSMGO
19-Mar-2026,838.0,36.0,885.5,820.0,65.5,Singapore,IFO380
19-Mar-2026,232.0,29.5,232.0,232.0,0.0,Singapore,SS
19-Mar-2026,856.5,50.0,905.0,825.0,80.0,Houston,VLSFO
19-Mar-2026,1326.5,86.0,1359.0,1255.0,104.0,Houston,MGO
19-Mar-2026,707.5,26.5,782.0,672.0,110.0,Houston,IFO380
19-Mar-2026,149.0,23.0,149.0,149.0,0.0,Houston,SS
19-Mar-2026,1104.0,72.0,1134.0,1048.0,86.0,Fujairah,VLSFO
19-Mar-2026,1797.5,155.0,1858.5,1624.5,234.0,Fujairah,MGO
19-Mar-2026,858.5,46.5,875.5,843.0,32.5,Fujairah,IFO380
19-Mar-2026,245.5,25.0,245.5,245.5,0.0,Fujairah,SS
20-Mar-2026,1068.0,19.0,1068.0,1068.0,0.0,Global,VLSFO
20-Mar-2026,1532.0,7.0,1532.0,1532.0,0.0,Global,MGO
20-Mar-2026,825.5,-20.5,825.5,825.5,0.0,Global,IFO380
20-Mar-2026,242.5,39.5,242.5,242.5,0.0,Global,SS
20-Mar-2026,943.5,-18.0,943.5,943.5,0.0,Global 4 Ports,VLSFO
20-Mar-2026,1560.0,-11.0,1560.0,1560.0,0.0,Global 4 Ports,MGO
20-Mar-2026,839.0,-34.5,839.0,839.0,0.0,Global 4 Ports,IFO380
20-Mar-2026,104.5,16.5,104.5,104.5,0.0,Global 4 Ports,SS
20-Mar-2026,1021.0,22.0,1021.0,1021.0,0.0,Americas,VLSFO
20-Mar-2026,1364.5,7.5,1364.5,1364.5,0.0,Americas,MGO
20-Mar-2026,764.5,-9.5,764.5,764.5,0.0,Americas,IFO380
20-Mar-2026,257.0,32.0,257.0,257.0,0.0,Americas,SS
20-Mar-2026,1174.5,13.5,1174.5,1174.5,0.0,APAC,VLSFO
20-Mar-2026,1685.0,-1.0,1685.0,1685.0,0.0,APAC,MGO
20-Mar-2026,875.5,-29.0,875.5,875.5,0.0,APAC,IFO380
20-Mar-2026,299.0,42.5,299.0,299.0,0.0,APAC,SS
20-Mar-2026,941.5,16.5,941.5,941.5,0.0,EMEA,VLSFO
20-Mar-2026,1481.0,19.0,1481.0,1481.0,0.0,EMEA,MGO
20-Mar-2026,823.5,-18.0,823.5,823.5,0.0,EMEA,IFO380
20-Mar-2026,118.0,34.5,118.0,118.0,0.0,EMEA,SS
20-Mar-2026,847.5,32.0,880.0,775.0,105.0,Rotterdam,VLSFO
20-Mar-2026,1358.5,71.0,1410.0,1303.0,107.0,Rotterdam,MGO
20-Mar-2026,1358.5,71.0,1410.0,1303.0,107.0,Rotterdam,LSMGO
20-Mar-2026,738.5,-16.0,755.0,705.0,50.0,Rotterdam,IFO380
20-Mar-2026,217.5,-57.0,217.5,217.5,0.0,Rotterdam,SS
12-Jan-2026,285.5,-2.0,285.5,285.5,0.0,Rotterdam,MEOH
12-Jan-2026,609.0,-3.5,609.0,609.0,0.0,Rotterdam,MEOHMGOe
20-Mar-2026,1015.5,-54.5,1070.0,969.0,101.0,Singapore,VLSFO
20-Mar-2026,1822.5,-50.5,1960.0,1675.0,285.0,Singapore,MGO
20-Mar-2026,1822.5,-50.5,1960.0,1675.0,285.0,Singapore,LSMGO
20-Mar-2026,792.0,-46.0,836.0,765.0,71.0,Singapore,IFO380
20-Mar-2026,223.5,-8.5,223.5,223.5,0.0,Singapore,SS
12-Jan-2026,338.0,1.0,338.0,338.0,0.0,Singapore,MEOH
12-Jan-2026,696.0,3.0,696.0,696.0,0.0,Singapore,MEOHVLSF
12-Jan-2026,721.0,2.5,721.0,721.0,0.0,Singapore,MEOHMGOe
20-Mar-2026,836.5,-20.0,861.0,810.0,51.0,Houston,VLSFO
20-Mar-2026,1315.5,-11.0,1350.0,1277.0,73.0,Houston,MGO
20-Mar-2026,693.5,-14.0,767.0,670.0,97.0,Houston,IFO380
20-Mar-2026,143.0,-6.0,143.0,143.0,0.0,Houston,SS
12-Jan-2026,301.5,5.0,301.5,301.5,0.0,Houston,MEOH
12-Jan-2026,620.0,10.0,620.0,620.0,0.0,Houston,MEOHVLSF
12-Jan-2026,642.5,10.0,642.5,642.5,0.0,Houston,MEOHMGOe
20-Mar-2026,1074.5,-29.5,1180.0,1007.5,172.5,Fujairah,VLSFO
20-Mar-2026,1744.5,-53.0,1845.0,1566.5,278.5,Fujairah,MGO
20-Mar-2026,805.0,-53.5,825.0,788.0,37.0,Fujairah,IFO380
20-Mar-2026,269.5,24.0,269.5,269.5,0.0,Fujairah,SS
12-Jan-2026,216.0,14.5,216.0,216.0,0.0,Fujairah,MEOH
12-Jan-2026,444.0,30.0,444.0,444.0,0.0,Fujairah,MEOHVLSF
12-Jan-2026,460.0,31.0,460.0,460.0,0.0,Fujairah,MEOHMGOe
23-Mar-2026,1047.0,-21.0,1047.0,1047.0,0.0,Global,VLSFO
23-Mar-2026,1549.0,17.0,1549.0,1549.0,0.0,Global,MGO
23-Mar-2026,828.5,3.0,828.5,828.5,0.0,Global,IFO380
23-Mar-2026,219.0,-23.5,219.0,219.0,0.0,Global,SS
23-Mar-2026,915.5,-28.0,915.5,915.5,0.0,Global 4 Ports,VLSFO
23-Mar-2026,1606.0,46.0,1606.0,1606.0,0.0,Global 4 Ports,MGO
19-Mar-2026,1182.5,42.5,1182.5,1182.5,0.0,Global 4 Ports,BIO
23-Mar-2026,777.5,-61.5,777.5,777.5,0.0,Global 4 Ports,IFO380
23-Mar-2026,138.0,33.5,138.0,138.0,0.0,Global 4 Ports,SS
23-Mar-2026,999.0,-22.0,999.0,999.0,0.0,Americas,VLSFO
23-Mar-2026,1375.5,11.0,1375.5,1375.5,0.0,Americas,MGO
23-Mar-2026,773.0,8.5,773.0,773.0,0.0,Americas,IFO380
23-Mar-2026,226.0,-31.0,226.0,226.0,0.0,Americas,SS
23-Mar-2026,1134.5,-40.0,1134.5,1134.5,0.0,APAC,VLSFO
23-Mar-2026,1697.5,12.5,1697.5,1697.5,0.0,APAC,MGO
23-Mar-2026,882.0,6.5,882.0,882.0,0.0,APAC,IFO380
23-Mar-2026,253.0,-46.0,253.0,253.0,0.0,APAC,SS
23-Mar-2026,952.5,11.0,952.5,952.5,0.0,EMEA,VLSFO
23-Mar-2026,1512.0,31.0,1512.0,1512.0,0.0,EMEA,MGO
23-Mar-2026,819.0,-4.5,819.0,819.0,0.0,EMEA,IFO380
23-Mar-2026,133.0,15.0,133.0,133.0,0.0,EMEA,SS
23-Mar-2026,829.5,-18.0,880.0,799.0,81.0,Rotterdam,VLSFO
23-Mar-2026,1397.5,39.0,1440.0,1350.0,90.0,Rotterdam,MGO
23-Mar-2026,1397.5,39.0,1440.0,1350.0,90.0,Rotterdam,LSMGO
19-Mar-2026,1090.0,20.0,1090.0,1090.0,0.0,Rotterdam,BIO
23-Mar-2026,773.5,35.0,795.0,750.0,45.0,Rotterdam,IFO380
23-Mar-2026,56.0,-161.5,56.0,56.0,0.0,Rotterdam,SS
23-Mar-2026,1219.0,172.0,1219.0,1219.0,0.0,Rotterdam,LNG
20-Mar-2026,1047.0,0.0,1047.0,1047.0,0.0,Rotterdam,LNG
23-Mar-2026,981.5,138.5,981.5,981.5,0.0,Rotterdam,LNG-380e
20-Mar-2026,843.0,0.0,843.0,843.0,0.0,Rotterdam,LNG-380e
23-Mar-2026,1027.5,145.0,1027.5,1027.5,0.0,Rotterdam,LNG-MGOe
20-Mar-2026,882.5,0.0,882.5,882.5,0.0,Rotterdam,LNG-MGOe
23-Mar-2026,986.0,-29.5,1011.0,960.0,51.0,Singapore,VLSFO
23-Mar-2026,1940.0,117.5,2079.5,1794.5,285.0,Singapore,MGO
23-Mar-2026,1940.0,117.5,2079.5,1794.5,285.0,Singapore,LSMGO
19-Mar-2026,1285.0,95.0,1285.0,1285.0,0.0,Singapore,BIO
23-Mar-2026,808.5,16.5,854.5,792.0,62.5,Singapore,IFO380
23-Mar-2026,178.0,-45.5,178.0,178.0,0.0,Singapore,SS
23-Mar-2026,808.0,-28.5,872.0,770.0,102.0,Houston,VLSFO
23-Mar-2026,1295.0,-20.5,1391.0,1192.0,199.0,Houston,MGO
23-Mar-2026,691.5,-2.0,768.5,647.0,121.5,Houston,IFO380
23-Mar-2026,116.5,-26.5,116.5,116.5,0.0,Houston,SS
23-Mar-2026,1039.0,-35.5,1069.5,983.5,86.0,Fujairah,VLSFO
23-Mar-2026,1792.0,47.5,1860.0,1625.5,234.5,Fujairah,MGO
23-Mar-2026,837.5,32.5,854.0,825.0,29.0,Fujairah,IFO380
23-Mar-2026,201.0,-68.5,201.0,201.0,0.0,Fujairah,SS
24-Mar-2026,1022.5,-24.5,1022.5,1022.5,0.0,Global,VLSFO
24-Mar-2026,1535.5,-13.5,1535.5,1535.5,0.0,Global,MGO
24-Mar-2026,805.5,-23.0,805.5,805.5,0.0,Global,IFO380
24-Mar-2026,217.0,-2.0,217.0,217.0,0.0,Global,SS
24-Mar-2026,848.5,-67.0,848.5,848.5,0.0,Global 4 Ports,VLSFO
24-Mar-2026,1508.5,-97.5,1508.5,1508.5,0.0,Global 4 Ports,MGO
20-Mar-2026,1166.5,-16.0,1166.5,1166.5,0.0,Global 4 Ports,BIO
24-Mar-2026,718.5,-59.0,718.5,718.5,0.0,Global 4 Ports,IFO380
24-Mar-2026,130.0,-8.0,130.0,130.0,0.0,Global 4 Ports,SS
24-Mar-2026,975.0,-24.0,975.0,975.0,0.0,Americas,VLSFO
24-Mar-2026,1380.0,4.5,1380.0,1380.0,0.0,Americas,MGO
24-Mar-2026,779.0,6.0,779.0,779.0,0.0,Americas,IFO380
24-Mar-2026,196.0,-30.0,196.0,196.0,0.0,Americas,SS
24-Mar-2026,1119.0,-15.5,1119.0,1119.0,0.0,APAC,VLSFO
24-Mar-2026,1697.5,0.0,1697.5,1697.5,0.0,APAC,MGO
24-Mar-2026,851.5,-30.5,851.5,851.5,0.0,APAC,IFO380
24-Mar-2026,268.0,15.0,268.0,268.0,0.0,APAC,SS
24-Mar-2026,909.0,-43.5,909.0,909.0,0.0,EMEA,VLSFO
24-Mar-2026,1455.0,-57.0,1455.0,1455.0,0.0,EMEA,MGO
24-Mar-2026,778.0,-41.0,778.0,778.0,0.0,EMEA,IFO380
24-Mar-2026,131.0,-2.0,131.0,131.0,0.0,EMEA,SS
24-Mar-2026,757.5,-72.0,804.0,710.0,94.0,Rotterdam,VLSFO
24-Mar-2026,1334.5,-63.0,1405.0,1250.0,155.0,Rotterdam,MGO
24-Mar-2026,1334.5,-63.0,1405.0,1250.0,155.0,Rotterdam,LSMGO
20-Mar-2026,1070.0,-20.0,1070.0,1070.0,0.0,Rotterdam,BIO
24-Mar-2026,714.0,-59.5,754.0,655.0,99.0,Rotterdam,IFO380
24-Mar-2026,43.5,-12.5,43.5,43.5,0.0,Rotterdam,SS
24-Mar-2026,1219.0,0.0,1219.0,1219.0,0.0,Rotterdam,LNG
24-Mar-2026,981.5,0.0,981.5,981.5,0.0,Rotterdam,LNG-380e
24-Mar-2026,1027.5,0.0,1027.5,1027.5,0.0,Rotterdam,LNG-MGOe
24-Mar-2026,894.5,-91.5,918.0,868.5,49.5,Singapore,VLSFO
24-Mar-2026,1784.0,-156.0,1900.5,1638.0,262.5,Singapore,MGO
24-Mar-2026,1784.0,-156.0,1900.5,1638.0,262.5,Singapore,LSMGO
20-Mar-2026,1190.0,-95.0,1190.0,1190.0,0.0,Singapore,BIO
24-Mar-2026,712.0,-96.5,752.0,697.0,55.0,Singapore,IFO380
24-Mar-2026,182.0,4.0,182.0,182.0,0.0,Singapore,SS
24-Mar-2026,801.5,-6.5,827.0,785.0,42.0,Houston,VLSFO
24-Mar-2026,1275.5,-19.5,1361.0,1172.0,189.0,Houston,MGO
19-Mar-2026,1173.0,13.0,1173.0,1173.0,0.0,Houston,BIO
24-Mar-2026,690.0,-1.5,766.0,642.0,124.0,Houston,IFO380
24-Mar-2026,111.0,-5.5,111.0,111.0,0.0,Houston,SS
24-Mar-2026,941.5,-97.5,982.0,886.5,95.5,Fujairah,VLSFO
24-Mar-2026,1640.5,-151.5,1697.0,1476.0,221.0,Fujairah,MGO
24-Mar-2026,758.5,-79.0,770.0,746.0,24.0,Fujairah,IFO380
24-Mar-2026,183.0,-18.0,183.0,183.0,0.0,Fujairah,SS
25-Mar-2026,977.0,-45.5,977.0,977.0,0.0,Global,VLSFO
25-Mar-2026,1485.5,-50.0,1485.5,1485.5,0.0,Global,MGO
25-Mar-2026,765.0,-40.5,765.0,765.0,0.0,Global,IFO380
25-Mar-2026,212.5,-4.5,212.5,212.5,0.0,Global,SS
25-Mar-2026,803.5,-45.0,803.5,803.5,0.0,Global 4 Ports,VLSFO
25-Mar-2026,1434.5,-74.0,1434.5,1434.5,0.0,Global 4 Ports,MGO
23-Mar-2026,1181.0,14.5,1181.0,1181.0,0.0,Global 4 Ports,BIO
25-Mar-2026,680.5,-38.0,680.5,680.5,0.0,Global 4 Ports,IFO380
25-Mar-2026,123.0,-7.0,123.0,123.0,0.0,Global 4 Ports,SS
25-Mar-2026,949.0,-26.0,949.0,949.0,0.0,Americas,VLSFO
25-Mar-2026,1344.0,-36.0,1344.0,1344.0,0.0,Americas,MGO
25-Mar-2026,758.5,-20.5,758.5,758.5,0.0,Americas,IFO380
25-Mar-2026,190.5,-5.5,190.5,190.5,0.0,Americas,SS
25-Mar-2026,1047.0,-72.0,1047.0,1047.0,0.0,APAC,VLSFO
25-Mar-2026,1654.5,-43.0,1654.5,1654.5,0.0,APAC,MGO
25-Mar-2026,786.5,-65.0,786.5,786.5,0.0,APAC,IFO380
25-Mar-2026,260.5,-7.5,260.5,260.5,0.0,APAC,SS
25-Mar-2026,894.5,-14.5,894.5,894.5,0.0,EMEA,VLSFO
25-Mar-2026,1393.0,-62.0,1393.0,1393.0,0.0,EMEA,MGO
25-Mar-2026,749.5,-28.5,749.5,749.5,0.0,EMEA,IFO380
25-Mar-2026,145.0,14.0,145.0,145.0,0.0,EMEA,SS
25-Mar-2026,730.5,-27.0,795.0,685.0,110.0,Rotterdam,VLSFO
25-Mar-2026,1261.5,-73.0,1405.0,1145.0,260.0,Rotterdam,MGO
25-Mar-2026,1261.5,-73.0,1405.0,1145.0,260.0,Rotterdam,LSMGO
23-Mar-2026,1103.0,33.0,1103.0,1103.0,0.0,Rotterdam,BIO
25-Mar-2026,700.0,-14.0,740.0,665.0,75.0,Rotterdam,IFO380
25-Mar-2026,30.5,-13.0,30.5,30.5,0.0,Rotterdam,SS
25-Mar-2026,1219.0,0.0,1219.0,1219.0,0.0,Rotterdam,LNG
25-Mar-2026,981.5,0.0,981.5,981.5,0.0,Rotterdam,LNG-380e
25-Mar-2026,1027.5,0.0,1027.5,1027.5,0.0,Rotterdam,LNG-MGOe
25-Mar-2026,839.0,-55.5,870.0,810.0,60.0,Singapore,VLSFO
25-Mar-2026,1661.5,-122.5,1830.0,1508.5,321.5,Singapore,MGO
25-Mar-2026,1661.5,-122.5,1830.0,1508.5,321.5,Singapore,LSMGO
23-Mar-2026,1210.0,20.0,1210.0,1210.0,0.0,Singapore,BIO
25-Mar-2026,662.5,-49.5,710.0,645.0,65.0,Singapore,IFO380
25-Mar-2026,176.0,-6.0,176.0,176.0,0.0,Singapore,SS
25-Mar-2026,782.0,-19.5,810.0,773.0,37.0,Houston,VLSFO
25-Mar-2026,1248.5,-27.0,1295.0,1182.0,113.0,Houston,MGO
20-Mar-2026,1240.0,67.0,1240.0,1240.0,0.0,Houston,BIO
25-Mar-2026,662.5,-27.5,739.0,602.0,137.0,Houston,IFO380
25-Mar-2026,119.5,8.5,119.5,119.5,0.0,Houston,SS
25-Mar-2026,863.0,-78.5,928.0,811.0,117.0,Fujairah,VLSFO
25-Mar-2026,1566.5,-74.0,1650.0,1409.5,240.5,Fujairah,MGO
25-Mar-2026,696.5,-62.0,738.0,665.0,73.0,Fujairah,IFO380
25-Mar-2026,166.5,-16.5,166.5,166.5,0.0,Fujairah,SS
26-Mar-2026,943.5,-33.5,943.5,943.5,0.0,Global,VLSFO
26-Mar-2026,1481.5,-4.0,1481.5,1481.5,0.0,Global,MGO
26-Mar-2026,767.0,2.0,767.0,767.0,0.0,Global,IFO380
26-Mar-2026,176.5,-36.0,176.5,176.5,0.0,Global,SS
26-Mar-2026,817.0,13.5,817.0,817.0,0.0,Global 4 Ports,VLSFO
26-Mar-2026,1488.0,53.5,1488.0,1488.0,0.0,Global 4 Ports,MGO
24-Mar-2026,1124.5,-56.5,1124.5,1124.5,0.0,Global 4 Ports,BIO
26-Mar-2026,680.5,0.0,680.5,680.5,0.0,Global 4 Ports,IFO380
26-Mar-2026,136.5,13.5,136.5,136.5,0.0,Global 4 Ports,SS
26-Mar-2026,947.0,-2.0,947.0,947.0,0.0,Americas,VLSFO
26-Mar-2026,1374.5,30.5,1374.5,1374.5,0.0,Americas,MGO
26-Mar-2026,763.0,4.5,763.0,763.0,0.0,Americas,IFO380
26-Mar-2026,184.0,-6.5,184.0,184.0,0.0,Americas,SS
26-Mar-2026,979.5,-67.5,979.5,979.5,0.0,APAC,VLSFO
26-Mar-2026,1613.0,-41.5,1613.0,1613.0,0.0,APAC,MGO
26-Mar-2026,784.5,-2.0,784.5,784.5,0.0,APAC,IFO380
26-Mar-2026,194.5,-66.0,194.5,194.5,0.0,APAC,SS
26-Mar-2026,891.5,-3.0,891.5,891.5,0.0,EMEA,VLSFO
26-Mar-2026,1433.5,40.5,1433.5,1433.5,0.0,EMEA,MGO
26-Mar-2026,754.5,5.0,754.5,754.5,0.0,EMEA,IFO380
26-Mar-2026,137.0,-8.0,137.0,137.0,0.0,EMEA,SS
26-Mar-2026,737.0,6.5,795.0,700.0,95.0,Rotterdam,VLSFO
26-Mar-2026,1331.0,69.5,1405.0,1265.0,140.0,Rotterdam,MGO
26-Mar-2026,1331.0,69.5,1405.0,1265.0,140.0,Rotterdam,LSMGO
24-Mar-2026,1070.0,-33.0,1070.0,1070.0,0.0,Rotterdam,BIO
26-Mar-2026,696.0,-4.0,740.0,660.0,80.0,Rotterdam,IFO380
26-Mar-2026,40.5,10.0,40.5,40.5,0.0,Rotterdam,SS
26-Mar-2026,1219.0,0.0,1219.0,1219.0,0.0,Rotterdam,LNG
26-Mar-2026,981.5,0.0,981.5,981.5,0.0,Rotterdam,LNG-380e
26-Mar-2026,1027.5,0.0,1027.5,1027.5,0.0,Rotterdam,LNG-MGOe
26-Mar-2026,838.5,-0.5,870.0,814.0,56.0,Singapore,VLSFO
26-Mar-2026,1673.5,12.0,1872.0,1550.5,321.5,Singapore,MGO
26-Mar-2026,1673.5,12.0,1872.0,1550.5,321.5,Singapore,LSMGO
24-Mar-2026,1113.0,-97.0,1113.0,1113.0,0.0,Singapore,BIO
26-Mar-2026,673.0,10.5,705.0,652.0,53.0,Singapore,IFO380
26-Mar-2026,165.5,-10.5,165.5,165.5,0.0,Singapore,SS
26-Mar-2026,831.5,49.5,860.0,806.0,54.0,Houston,VLSFO
26-Mar-2026,1312.0,63.5,1431.0,1270.0,161.0,Houston,MGO
23-Mar-2026,1230.0,-10.0,1230.0,1230.0,0.0,Houston,BIO
26-Mar-2026,659.5,-3.0,740.0,603.0,137.0,Houston,IFO380
26-Mar-2026,172.5,53.0,172.5,172.5,0.0,Houston,SS
26-Mar-2026,860.5,-2.5,884.0,808.0,76.0,Fujairah,VLSFO
26-Mar-2026,1621.0,54.5,1682.0,1459.5,222.5,Fujairah,MGO
26-Mar-2026,694.0,-2.5,726.0,650.0,76.0,Fujairah,IFO380
26-Mar-2026,166.5,0.0,166.5,166.5,0.0,Fujairah,SS
27-Mar-2026,951.5,8.0,951.5,951.5,0.0,Global,VLSFO
27-Mar-2026,1507.0,25.5,1507.0,1507.0,0.0,Global,MGO
27-Mar-2026,769.0,2.0,769.0,769.0,0.0,Global,IFO380
27-Mar-2026,182.5,6.0,182.5,182.5,0.0,Global,SS
27-Mar-2026,828.5,11.5,828.5,828.5,0.0,Global 4 Ports,VLSFO
27-Mar-2026,1500.0,12.0,1500.0,1500.0,0.0,Global 4 Ports,MGO
25-Mar-2026,1108.5,-16.0,1108.5,1108.5,0.0,Global 4 Ports,BIO
27-Mar-2026,687.0,6.5,687.0,687.0,0.0,Global 4 Ports,IFO380
27-Mar-2026,141.5,5.0,141.5,141.5,0.0,Global 4 Ports,SS
27-Mar-2026,959.5,12.5,959.5,959.5,0.0,Americas,VLSFO
27-Mar-2026,1371.5,-3.0,1371.5,1371.5,0.0,Americas,MGO
27-Mar-2026,770.5,7.5,770.5,770.5,0.0,Americas,IFO380
27-Mar-2026,188.5,4.5,188.5,188.5,0.0,Americas,SS
27-Mar-2026,987.0,7.5,987.0,987.0,0.0,APAC,VLSFO
27-Mar-2026,1665.0,52.0,1665.0,1665.0,0.0,APAC,MGO
27-Mar-2026,783.5,-1.0,783.5,783.5,0.0,APAC,IFO380
27-Mar-2026,203.5,9.0,203.5,203.5,0.0,APAC,SS
27-Mar-2026,900.0,8.5,900.0,900.0,0.0,EMEA,VLSFO
27-Mar-2026,1464.0,30.5,1464.0,1464.0,0.0,EMEA,MGO
27-Mar-2026,755.5,1.0,755.5,755.5,0.0,EMEA,IFO380
27-Mar-2026,144.5,7.5,144.5,144.5,0.0,EMEA,SS
27-Mar-2026,746.0,9.0,765.0,715.0,50.0,Rotterdam,VLSFO
27-Mar-2026,1285.5,-45.5,1350.0,1236.0,114.0,Rotterdam,MGO
27-Mar-2026,1285.5,-45.5,1350.0,1236.0,114.0,Rotterdam,LSMGO
25-Mar-2026,1043.0,-27.0,1043.0,1043.0,0.0,Rotterdam,BIO
27-Mar-2026,693.0,-3.0,737.0,655.0,82.0,Rotterdam,IFO380
27-Mar-2026,53.0,12.5,53.0,53.0,0.0,Rotterdam,SS
19-Jan-2026,285.0,-0.5,285.0,285.0,0.0,Rotterdam,MEOH
19-Jan-2026,586.5,-22.5,586.5,586.5,0.0,Rotterdam,MEOHMGOe
27-Mar-2026,1219.0,0.0,1219.0,1219.0,0.0,Rotterdam,LNG
27-Mar-2026,981.5,0.0,981.5,981.5,0.0,Rotterdam,LNG-380e
27-Mar-2026,1027.5,0.0,1027.5,1027.5,0.0,Rotterdam,LNG-MGOe
27-Mar-2026,834.0,-4.5,877.0,815.0,62.0,Singapore,VLSFO
27-Mar-2026,1728.5,55.0,1943.5,1625.0,318.5,Singapore,MGO
27-Mar-2026,1738.0,64.5,1943.5,1625.0,318.5,Singapore,LSMGO
25-Mar-2026,1060.0,-53.0,1060.0,1060.0,0.0,Singapore,BIO
27-Mar-2026,707.0,34.0,755.0,668.0,87.0,Singapore,IFO380
27-Mar-2026,127.0,-38.5,127.0,127.0,0.0,Singapore,SS
19-Jan-2026,339.5,1.5,339.5,339.5,0.0,Singapore,MEOH
19-Jan-2026,699.0,3.0,699.0,699.0,0.0,Singapore,MEOHVLSF
19-Jan-2026,724.5,3.5,724.5,724.5,0.0,Singapore,MEOHMGOe
27-Mar-2026,868.0,36.5,898.5,845.0,53.5,Houston,VLSFO
27-Mar-2026,1275.0,-37.0,1328.0,1237.5,90.5,Houston,MGO
24-Mar-2026,1190.0,-40.0,1190.0,1190.0,0.0,Houston,BIO
27-Mar-2026,639.0,-20.5,658.0,613.0,45.0,Houston,IFO380
27-Mar-2026,229.0,56.5,229.0,229.0,0.0,Houston,SS
19-Jan-2026,308.5,7.0,308.5,308.5,0.0,Houston,MEOH
19-Jan-2026,657.5,37.5,657.5,657.5,0.0,Houston,MEOHVLSF
19-Jan-2026,634.0,-8.5,634.0,634.0,0.0,Houston,MEOHMGOe
27-Mar-2026,866.0,5.5,897.0,855.0,42.0,Fujairah,VLSFO
27-Mar-2026,1710.0,89.0,1806.0,1615.0,191.0,Fujairah,MGO
27-Mar-2026,709.0,15.0,725.0,692.0,33.0,Fujairah,IFO380
27-Mar-2026,157.0,-9.5,157.0,157.0,0.0,Fujairah,SS
19-Jan-2026,217.0,1.0,217.0,217.0,0.0,Fujairah,MEOH
19-Jan-2026,446.5,2.5,446.5,446.5,0.0,Fujairah,MEOHVLSF
19-Jan-2026,462.5,2.5,462.5,462.5,0.0,Fujairah,MEOHMGOe
30-Mar-2026,1008.0,56.5,1008.0,1008.0,0.0,Global,VLSFO
30-Mar-2026,1599.0,92.0,1599.0,1599.0,0.0,Global,MGO
30-Mar-2026,811.5,42.5,811.5,811.5,0.0,Global,IFO380
30-Mar-2026,196.0,13.5,196.0,196.0,0.0,Global,SS
30-Mar-2026,852.5,24.0,852.5,852.5,0.0,Global 4 Ports,VLSFO
30-Mar-2026,1577.5,77.5,1577.5,1577.5,0.0,Global 4 Ports,MGO
26-Mar-2026,1105.5,-3.0,1105.5,1105.5,0.0,Global 4 Ports,BIO
30-Mar-2026,721.0,34.0,721.0,721.0,0.0,Global 4 Ports,IFO380
30-Mar-2026,131.5,-10.0,131.5,131.5,0.0,Global 4 Ports,SS
30-Mar-2026,988.5,29.0,988.5,988.5,0.0,Americas,VLSFO
30-Mar-2026,1397.0,25.5,1397.0,1397.0,0.0,Americas,MGO
30-Mar-2026,791.5,21.0,791.5,791.5,0.0,Americas,IFO380
30-Mar-2026,197.0,8.5,197.0,197.0,0.0,Americas,SS
30-Mar-2026,1038.5,51.5,1038.5,1038.5,0.0,APAC,VLSFO
30-Mar-2026,1870.0,205.0,1870.0,1870.0,0.0,APAC,MGO
30-Mar-2026,840.5,57.0,840.5,840.5,0.0,APAC,IFO380
30-Mar-2026,198.0,-5.5,198.0,198.0,0.0,APAC,SS
30-Mar-2026,987.5,87.5,987.5,987.5,0.0,EMEA,VLSFO
30-Mar-2026,1553.0,89.0,1553.0,1553.0,0.0,EMEA,MGO
30-Mar-2026,800.0,44.5,800.0,800.0,0.0,EMEA,IFO380
30-Mar-2026,187.5,43.0,187.5,187.5,0.0,EMEA,SS
30-Mar-2026,760.0,14.0,792.0,740.0,52.0,Rotterdam,VLSFO
30-Mar-2026,1388.5,103.0,1445.0,1325.0,120.0,Rotterdam,MGO
30-Mar-2026,1388.5,103.0,1445.0,1325.0,120.0,Rotterdam,LSMGO
26-Mar-2026,1086.0,43.0,1086.0,1086.0,0.0,Rotterdam,BIO
30-Mar-2026,730.5,37.5,774.0,705.0,69.0,Rotterdam,IFO380
30-Mar-2026,29.5,-23.5,29.5,29.5,0.0,Rotterdam,SS
30-Mar-2026,1095.0,-124.0,1095.0,1095.0,0.0,Rotterdam,LNG
30-Mar-2026,881.5,-100.0,881.5,881.5,0.0,Rotterdam,LNG-380e
30-Mar-2026,923.0,-104.5,923.0,923.0,0.0,Rotterdam,LNG-MGOe
30-Mar-2026,877.5,43.5,916.5,830.0,86.5,Singapore,VLSFO
30-Mar-2026,1821.5,93.0,1940.0,1652.0,288.0,Singapore,MGO
30-Mar-2026,1845.0,107.0,1940.0,1747.0,193.0,Singapore,LSMGO
26-Mar-2026,1050.0,-10.0,1050.0,1050.0,0.0,Singapore,BIO
30-Mar-2026,727.5,20.5,765.0,650.0,115.0,Singapore,IFO380
30-Mar-2026,150.0,23.0,150.0,150.0,0.0,Singapore,SS
30-Mar-2026,882.5,14.5,901.0,860.0,41.0,Houston,VLSFO
30-Mar-2026,1342.5,67.5,1385.5,1317.0,68.5,Houston,MGO
25-Mar-2026,1222.0,32.0,1222.0,1222.0,0.0,Houston,BIO
30-Mar-2026,672.5,33.5,692.0,647.0,45.0,Houston,IFO380
30-Mar-2026,210.0,-19.0,210.0,210.0,0.0,Houston,SS
30-Mar-2026,890.5,24.5,920.0,875.0,45.0,Fujairah,VLSFO
30-Mar-2026,1757.0,47.0,1850.0,1686.5,163.5,Fujairah,MGO
30-Mar-2026,754.0,45.0,780.0,740.0,40.0,Fujairah,IFO380
30-Mar-2026,136.5,-20.5,136.5,136.5,0.0,Fujairah,SS
31-Mar-2026,1007.5,-0.5,1007.5,1007.5,0.0,Global,VLSFO
31-Mar-2026,1649.0,50.0,1649.0,1649.0,0.0,Global,MGO
31-Mar-2026,795.5,-16.0,795.5,795.5,0.0,Global,IFO380
31-Mar-2026,212.0,16.0,212.0,212.0,0.0,Global,SS
31-Mar-2026,845.0,-7.5,845.0,845.0,0.0,Global 4 Ports,VLSFO
31-Mar-2026,1558.5,-19.0,1558.5,1558.5,0.0,Global 4 Ports,MGO
27-Mar-2026,1147.0,41.5,1147.0,1147.0,0.0,Global 4 Ports,BIO
31-Mar-2026,715.5,-5.5,715.5,715.5,0.0,Global 4 Ports,IFO380
31-Mar-2026,130.0,-1.5,130.0,130.0,0.0,Global 4 Ports,SS
31-Mar-2026,983.0,-5.5,983.0,983.0,0.0,Americas,VLSFO
31-Mar-2026,1492.5,95.5,1492.5,1492.5,0.0,Americas,MGO
31-Mar-2026,786.5,-5.0,786.5,786.5,0.0,Americas,IFO380
31-Mar-2026,196.5,-0.5,196.5,196.5,0.0,Americas,SS
31-Mar-2026,1036.5,-2.0,1036.5,1036.5,0.0,APAC,VLSFO
31-Mar-2026,1882.5,12.5,1882.5,1882.5,0.0,APAC,MGO
31-Mar-2026,828.0,-12.5,828.0,828.0,0.0,APAC,IFO380
31-Mar-2026,208.5,10.5,208.5,208.5,0.0,APAC,SS
31-Mar-2026,995.5,8.0,995.5,995.5,0.0,EMEA,VLSFO
31-Mar-2026,1584.5,31.5,1584.5,1584.5,0.0,EMEA,MGO
31-Mar-2026,770.0,-30.0,770.0,770.0,0.0,EMEA,IFO380
31-Mar-2026,225.5,38.0,225.5,225.5,0.0,EMEA,SS
31-Mar-2026,746.0,-14.0,790.0,720.0,70.0,Rotterdam,VLSFO
31-Mar-2026,1363.5,-25.0,1450.0,1330.0,120.0,Rotterdam,MGO
31-Mar-2026,1368.0,-20.5,1450.0,1330.0,120.0,Rotterdam,LSMGO
27-Mar-2026,1100.0,14.0,1100.0,1100.0,0.0,Rotterdam,BIO
31-Mar-2026,700.0,-30.5,760.0,672.0,88.0,Rotterdam,IFO380
31-Mar-2026,45.5,16.0,45.5,45.5,0.0,Rotterdam,SS
31-Mar-2026,1095.0,0.0,1095.0,1095.0,0.0,Rotterdam,LNG
31-Mar-2026,881.5,0.0,881.5,881.5,0.0,Rotterdam,LNG-380e
31-Mar-2026,923.0,0.0,923.0,923.0,0.0,Rotterdam,LNG-MGOe
31-Mar-2026,868.0,-9.5,885.0,818.0,67.0,Singapore,VLSFO
31-Mar-2026,1873.0,51.5,1950.0,1811.0,139.0,Singapore,MGO
31-Mar-2026,1867.5,22.5,1950.0,1811.0,139.0,Singapore,LSMGO
27-Mar-2026,1099.0,49.0,1099.0,1099.0,0.0,Singapore,BIO
31-Mar-2026,706.5,-21.0,735.0,633.5,101.5,Singapore,IFO380
31-Mar-2026,162.5,12.5,162.5,162.5,0.0,Singapore,SS
31-Mar-2026,898.0,15.5,950.0,865.0,85.0,Houston,VLSFO
31-Mar-2026,1340.0,-2.5,1362.0,1310.0,52.0,Houston,MGO
26-Mar-2026,1180.0,-42.0,1180.0,1180.0,0.0,Houston,BIO
31-Mar-2026,658.5,-14.0,692.0,643.0,49.0,Houston,IFO380
31-Mar-2026,162.5,-47.5,162.5,162.5,0.0,Houston,SS
31-Mar-2026,869.5,-21.0,895.0,850.0,45.0,Fujairah,VLSFO
31-Mar-2026,1735.5,-21.5,1851.0,1662.0,189.0,Fujairah,MGO
31-Mar-2026,721.5,-32.5,783.0,695.0,88.0,Fujairah,IFO380
31-Mar-2026,148.5,12.0,148.5,148.5,0.0,Fujairah,SS
01-Apr-2026,1011.5,4.0,1011.5,1011.5,0.0,Global,VLSFO
01-Apr-2026,1677.0,28.0,1677.0,1677.0,0.0,Global,MGO
01-Apr-2026,782.5,-13.0,782.5,782.5,0.0,Global,IFO380
01-Apr-2026,229.5,17.5,229.5,229.5,0.0,Global,SS
01-Apr-2026,833.5,-11.5,833.5,833.5,0.0,Global 4 Ports,VLSFO
01-Apr-2026,1535.5,-23.0,1535.5,1535.5,0.0,Global 4 Ports,MGO
30-Mar-2026,1190.0,43.0,1190.0,1190.0,0.0,Global 4 Ports,BIO
01-Apr-2026,664.5,-51.0,664.5,664.5,0.0,Global 4 Ports,IFO380
01-Apr-2026,169.0,39.0,169.0,169.0,0.0,Global 4 Ports,SS
01-Apr-2026,1012.5,29.5,1012.5,1012.5,0.0,Americas,VLSFO
01-Apr-2026,1492.5,0.0,1492.5,1492.5,0.0,Americas,MGO
01-Apr-2026,785.5,-1.0,785.5,785.5,0.0,Americas,IFO380
01-Apr-2026,227.0,30.5,227.0,227.0,0.0,Americas,SS
01-Apr-2026,1045.5,9.0,1045.5,1045.5,0.0,APAC,VLSFO
01-Apr-2026,1974.0,91.5,1974.0,1974.0,0.0,APAC,MGO
01-Apr-2026,812.5,-15.5,812.5,812.5,0.0,APAC,IFO380
01-Apr-2026,233.5,25.0,233.5,233.5,0.0,APAC,SS
01-Apr-2026,970.0,-25.5,970.0,970.0,0.0,EMEA,VLSFO
01-Apr-2026,1558.0,-26.5,1558.0,1558.0,0.0,EMEA,MGO
01-Apr-2026,751.5,-18.5,751.5,751.5,0.0,EMEA,IFO380
01-Apr-2026,218.5,-7.0,218.5,218.5,0.0,EMEA,SS
01-Apr-2026,716.5,-29.5,755.0,690.0,65.0,Rotterdam,VLSFO
01-Apr-2026,1331.5,-32.0,1405.0,1280.0,125.0,Rotterdam,MGO
01-Apr-2026,1331.5,-36.5,1405.0,1280.0,125.0,Rotterdam,LSMGO
30-Mar-2026,1155.0,55.0,1155.0,1155.0,0.0,Rotterdam,BIO
01-Apr-2026,661.5,-38.5,693.0,640.0,53.0,Rotterdam,IFO380
01-Apr-2026,55.0,9.5,55.0,55.0,0.0,Rotterdam,SS
01-Apr-2026,1095.0,0.0,1095.0,1095.0,0.0,Rotterdam,LNG
01-Apr-2026,881.5,0.0,881.5,881.5,0.0,Rotterdam,LNG-380e
01-Apr-2026,923.0,0.0,923.0,923.0,0.0,Rotterdam,LNG-MGOe
01-Apr-2026,873.5,5.5,925.0,858.0,67.0,Singapore,VLSFO
01-Apr-2026,1811.5,-61.5,1880.0,1652.0,228.0,Singapore,MGO
01-Apr-2026,1836.0,-31.5,1880.0,1800.0,80.0,Singapore,LSMGO
30-Mar-2026,1125.0,26.0,1125.0,1125.0,0.0,Singapore,BIO
01-Apr-2026,695.0,-11.5,726.0,675.0,51.0,Singapore,IFO380
01-Apr-2026,178.5,16.0,178.5,178.5,0.0,Singapore,SS
01-Apr-2026,903.5,5.5,950.0,885.0,65.0,Houston,VLSFO
01-Apr-2026,1294.5,-45.5,1358.0,1182.0,176.0,Houston,MGO
27-Mar-2026,1242.0,62.0,1242.0,1242.0,0.0,Houston,BIO
01-Apr-2026,624.0,-34.5,675.0,552.0,123.0,Houston,IFO380
01-Apr-2026,280.0,117.5,280.0,280.0,0.0,Houston,SS
01-Apr-2026,841.5,-28.0,860.0,820.0,40.0,Fujairah,VLSFO
01-Apr-2026,1705.0,-30.5,1750.0,1612.0,138.0,Fujairah,MGO
01-Apr-2026,678.5,-43.0,733.0,660.0,73.0,Fujairah,IFO380
01-Apr-2026,163.0,14.5,163.0,163.0,0.0,Fujairah,SS
02-Apr-2026,1037.5,26.0,1037.5,1037.5,0.0,Global,VLSFO
02-Apr-2026,1770.5,93.5,1770.5,1770.5,0.0,Global,MGO
02-Apr-2026,791.0,8.5,791.0,791.0,0.0,Global,IFO380
02-Apr-2026,246.5,17.0,246.5,246.5,0.0,Global,SS
02-Apr-2026,835.5,2.0,835.5,835.5,0.0,Global 4 Ports,VLSFO
02-Apr-2026,1640.0,104.5,1640.0,1640.0,0.0,Global 4 Ports,MGO
31-Mar-2026,1132.5,-57.5,1132.5,1132.5,0.0,Global 4 Ports,BIO
02-Apr-2026,713.5,49.0,713.5,713.5,0.0,Global 4 Ports,IFO380
02-Apr-2026,122.0,-47.0,122.0,122.0,0.0,Global 4 Ports,SS
02-Apr-2026,999.0,-13.5,999.0,999.0,0.0,Americas,VLSFO
02-Apr-2026,1482.5,-10.0,1482.5,1482.5,0.0,Americas,MGO
02-Apr-2026,770.5,-15.0,770.5,770.5,0.0,Americas,IFO380
02-Apr-2026,228.0,1.0,228.0,228.0,0.0,Americas,SS
02-Apr-2026,1095.0,49.5,1095.0,1095.0,0.0,APAC,VLSFO
02-Apr-2026,2110.0,136.0,2110.0,2110.0,0.0,APAC,MGO
02-Apr-2026,814.5,2.0,814.5,814.5,0.0,APAC,IFO380
02-Apr-2026,280.5,47.0,280.5,280.5,0.0,APAC,SS
02-Apr-2026,996.5,26.5,996.5,996.5,0.0,EMEA,VLSFO
02-Apr-2026,1647.0,89.0,1647.0,1647.0,0.0,EMEA,MGO
02-Apr-2026,784.0,32.5,784.0,784.0,0.0,EMEA,IFO380
02-Apr-2026,212.0,-6.5,212.0,212.0,0.0,EMEA,SS
02-Apr-2026,741.0,24.5,751.0,723.0,28.0,Rotterdam,VLSFO
02-Apr-2026,1414.5,83.0,1470.0,1381.0,89.0,Rotterdam,MGO
02-Apr-2026,1414.5,83.0,1470.0,1381.0,89.0,Rotterdam,LSMGO
31-Mar-2026,1028.0,-127.0,1093.0,963.0,130.0,Rotterdam,BIO
02-Apr-2026,725.0,63.5,756.5,700.0,56.5,Rotterdam,IFO380
02-Apr-2026,16.0,-39.0,16.0,16.0,0.0,Rotterdam,SS
02-Apr-2026,1095.0,0.0,1095.0,1095.0,0.0,Rotterdam,LNG
02-Apr-2026,881.5,0.0,881.5,881.5,0.0,Rotterdam,LNG-380e
02-Apr-2026,923.0,0.0,923.0,923.0,0.0,Rotterdam,LNG-MGOe
02-Apr-2026,879.0,5.5,915.0,860.0,55.0,Singapore,VLSFO
02-Apr-2026,1870.0,58.5,2015.0,1652.0,363.0,Singapore,MGO
02-Apr-2026,1901.0,65.0,2015.0,1840.0,175.0,Singapore,LSMGO
31-Mar-2026,1091.5,-33.5,1105.0,1078.0,27.0,Singapore,BIO
02-Apr-2026,755.5,60.5,791.0,704.0,87.0,Singapore,IFO380
02-Apr-2026,123.0,-55.5,123.0,123.0,0.0,Singapore,SS
02-Apr-2026,854.5,-49.0,890.0,837.5,52.5,Houston,VLSFO
02-Apr-2026,1377.5,83.0,1426.0,1275.0,151.0,Houston,MGO
30-Mar-2026,1290.0,48.0,1290.0,1290.0,0.0,Houston,BIO
02-Apr-2026,639.5,15.5,661.5,600.0,61.5,Houston,IFO380
02-Apr-2026,215.0,-65.0,215.0,215.0,0.0,Houston,SS
02-Apr-2026,867.5,26.0,889.0,840.0,49.0,Fujairah,VLSFO
02-Apr-2026,1898.0,193.0,2010.0,1725.0,285.0,Fujairah,MGO
02-Apr-2026,733.5,55.0,788.0,720.0,68.0,Fujairah,IFO380
02-Apr-2026,134.5,-28.5,134.5,134.5,0.0,Fujairah,SS
03-Apr-2026,1036.0,-1.5,1036.0,1036.0,0.0,Global,VLSFO
03-Apr-2026,1780.5,10.0,1780.5,1780.5,0.0,Global,MGO
03-Apr-2026,791.5,0.5,791.5,791.5,0.0,Global,IFO380
03-Apr-2026,244.5,-2.0,244.5,244.5,0.0,Global,SS
03-Apr-2026,835.5,0.0,835.5,835.5,0.0,Global 4 Ports,VLSFO
03-Apr-2026,1640.0,0.0,1640.0,1640.0,0.0,Global 4 Ports,MGO
01-Apr-2026,1123.0,-9.5,1123.0,1123.0,0.0,Global 4 Ports,BIO
03-Apr-2026,713.5,0.0,713.5,713.5,0.0,Global 4 Ports,IFO380
03-Apr-2026,122.0,0.0,122.0,122.0,0.0,Global 4 Ports,SS
03-Apr-2026,999.0,0.0,999.0,999.0,0.0,Americas,VLSFO
03-Apr-2026,1482.5,0.0,1482.5,1482.5,0.0,Americas,MGO
03-Apr-2026,770.5,0.0,770.5,770.5,0.0,Americas,IFO380
03-Apr-2026,228.0,0.0,228.0,228.0,0.0,Americas,SS
03-Apr-2026,1095.0,0.0,1095.0,1095.0,0.0,APAC,VLSFO
03-Apr-2026,2099.0,-11.0,2099.0,2099.0,0.0,APAC,MGO
03-Apr-2026,814.5,0.0,814.5,814.5,0.0,APAC,IFO380
03-Apr-2026,280.5,0.0,280.5,280.5,0.0,APAC,SS
03-Apr-2026,988.5,-8.0,988.5,988.5,0.0,EMEA,VLSFO
03-Apr-2026,1716.0,69.0,1716.0,1716.0,0.0,EMEA,MGO
03-Apr-2026,785.5,1.5,785.5,785.5,0.0,EMEA,IFO380
03-Apr-2026,203.0,-9.0,203.0,203.0,0.0,EMEA,SS
03-Apr-2026,741.0,0.0,751.0,723.0,28.0,Rotterdam,VLSFO
03-Apr-2026,1414.5,0.0,1470.0,1381.0,89.0,Rotterdam,MGO
03-Apr-2026,1414.5,0.0,1470.0,1381.0,89.0,Rotterdam,LSMGO
01-Apr-2026,1010.0,-18.0,1057.0,963.0,94.0,Rotterdam,BIO
03-Apr-2026,725.0,0.0,756.5,700.0,56.5,Rotterdam,IFO380
03-Apr-2026,16.0,0.0,16.0,16.0,0.0,Rotterdam,SS
02-Feb-2026,291.5,6.5,291.5,291.5,0.0,Rotterdam,MEOH
02-Feb-2026,621.5,35.0,621.5,621.5,0.0,Rotterdam,MEOHMGOe
03-Apr-2026,1095.0,0.0,1095.0,1095.0,0.0,Rotterdam,LNG
03-Apr-2026,881.5,0.0,881.5,881.5,0.0,Rotterdam,LNG-380e
03-Apr-2026,923.0,0.0,923.0,923.0,0.0,Rotterdam,LNG-MGOe
03-Apr-2026,879.0,0.0,915.0,860.0,55.0,Singapore,VLSFO
03-Apr-2026,1870.0,0.0,2015.0,1652.0,363.0,Singapore,MGO
03-Apr-2026,1901.0,0.0,2015.0,1840.0,175.0,Singapore,LSMGO
01-Apr-2026,1089.5,-2.0,1100.0,1079.0,21.0,Singapore,BIO
03-Apr-2026,755.5,0.0,791.0,704.0,87.0,Singapore,IFO380
03-Apr-2026,123.0,0.0,123.0,123.0,0.0,Singapore,SS
02-Feb-2026,343.5,4.0,343.5,343.5,0.0,Singapore,MEOH
02-Feb-2026,706.5,7.5,706.5,706.5,0.0,Singapore,MEOHVLSF
02-Feb-2026,732.5,8.0,732.5,732.5,0.0,Singapore,MEOHMGOe
03-Apr-2026,854.5,0.0,890.0,837.5,52.5,Houston,VLSFO
03-Apr-2026,1377.5,0.0,1426.0,1275.0,151.0,Houston,MGO
31-Mar-2026,1278.0,-12.0,1278.0,1278.0,0.0,Houston,BIO
03-Apr-2026,639.5,0.0,661.5,600.0,61.5,Houston,IFO380
03-Apr-2026,215.0,0.0,215.0,215.0,0.0,Houston,SS
02-Feb-2026,354.5,46.0,354.5,354.5,0.0,Houston,MEOH
02-Feb-2026,729.0,71.5,729.0,729.0,0.0,Houston,MEOHVLSF
02-Feb-2026,755.5,121.5,755.5,755.5,0.0,Houston,MEOHMGOe
03-Apr-2026,867.5,0.0,889.0,840.0,49.0,Fujairah,VLSFO
03-Apr-2026,1898.0,0.0,2010.0,1725.0,285.0,Fujairah,MGO
03-Apr-2026,733.5,0.0,788.0,720.0,68.0,Fujairah,IFO380
03-Apr-2026,134.5,0.0,134.5,134.5,0.0,Fujairah,SS
02-Feb-2026,219.0,2.0,219.0,219.0,0.0,Fujairah,MEOH
02-Feb-2026,450.5,4.0,450.5,450.5,0.0,Fujairah,MEOHVLSF
02-Feb-2026,467.0,4.5,467.0,467.0,0.0,Fujairah,MEOHMGOe
06-Apr-2026,1053.5,17.5,1053.5,1053.5,0.0,Global,VLSFO
06-Apr-2026,1787.5,7.0,1787.5,1787.5,0.0,Global,MGO
06-Apr-2026,800.5,9.0,800.5,800.5,0.0,Global,IFO380
06-Apr-2026,253.0,8.5,253.0,253.0,0.0,Global,SS
06-Apr-2026,851.0,15.5,851.0,851.0,0.0,Global 4 Ports,VLSFO
06-Apr-2026,1667.0,27.0,1667.0,1667.0,0.0,Global 4 Ports,MGO
02-Apr-2026,1163.0,40.0,1163.0,1163.0,0.0,Global 4 Ports,BIO
06-Apr-2026,720.5,7.0,720.5,720.5,0.0,Global 4 Ports,IFO380
06-Apr-2026,130.5,8.5,130.5,130.5,0.0,Global 4 Ports,SS
06-Apr-2026,1018.0,19.0,1018.0,1018.0,0.0,Americas,VLSFO
06-Apr-2026,1525.5,43.0,1525.5,1525.5,0.0,Americas,MGO
06-Apr-2026,800.5,30.0,800.5,800.5,0.0,Americas,IFO380
06-Apr-2026,217.5,-10.5,217.5,217.5,0.0,Americas,SS
06-Apr-2026,1096.5,1.5,1096.5,1096.5,0.0,APAC,VLSFO
06-Apr-2026,2126.5,27.5,2126.5,2126.5,0.0,APAC,MGO
06-Apr-2026,819.5,5.0,819.5,819.5,0.0,APAC,IFO380
06-Apr-2026,277.0,-3.5,277.0,277.0,0.0,APAC,SS
06-Apr-2026,1030.0,41.5,1030.0,1030.0,0.0,EMEA,VLSFO
06-Apr-2026,1649.0,-67.0,1649.0,1649.0,0.0,EMEA,MGO
06-Apr-2026,781.5,-4.0,781.5,781.5,0.0,EMEA,IFO380
06-Apr-2026,248.5,45.5,248.5,248.5,0.0,EMEA,SS
06-Apr-2026,748.0,7.0,758.0,730.0,28.0,Rotterdam,VLSFO
06-Apr-2026,1443.5,29.0,1499.0,1410.0,89.0,Rotterdam,MGO
06-Apr-2026,1443.5,29.0,1499.0,1410.0,89.0,Rotterdam,LSMGO
02-Apr-2026,1089.0,79.0,1089.0,1089.0,0.0,Rotterdam,BIO
06-Apr-2026,716.5,-8.5,748.0,691.5,56.5,Rotterdam,IFO380
06-Apr-2026,31.5,15.5,31.5,31.5,0.0,Rotterdam,SS
06-Apr-2026,1014.0,-81.0,1014.0,1014.0,0.0,Rotterdam,LNG
06-Apr-2026,816.5,-65.0,816.5,816.5,0.0,Rotterdam,LNG-380e
06-Apr-2026,855.0,-68.0,855.0,855.0,0.0,Rotterdam,LNG-MGOe
06-Apr-2026,888.0,9.0,924.0,869.0,55.0,Singapore,VLSFO
06-Apr-2026,2064.0,194.0,2178.0,2003.0,175.0,Singapore,MGO
06-Apr-2026,2064.0,163.0,2178.0,2003.0,175.0,Singapore,LSMGO
02-Apr-2026,1140.0,50.5,1140.0,1140.0,0.0,Singapore,BIO
06-Apr-2026,757.0,1.5,792.0,705.0,87.0,Singapore,IFO380
06-Apr-2026,131.0,8.0,131.0,131.0,0.0,Singapore,SS
06-Apr-2026,913.5,59.0,930.0,896.5,33.5,Houston,VLSFO
06-Apr-2026,1411.0,33.5,1459.5,1308.5,151.0,Houston,MGO
01-Apr-2026,1270.0,-8.0,1270.0,1270.0,0.0,Houston,BIO
06-Apr-2026,692.0,52.5,714.0,652.5,61.5,Houston,IFO380
06-Apr-2026,221.5,6.5,221.5,221.5,0.0,Houston,SS
06-Apr-2026,854.5,-13.0,875.5,826.5,49.0,Fujairah,VLSFO
06-Apr-2026,1801.0,-97.0,1920.0,1621.0,299.0,Fujairah,MGO
06-Apr-2026,716.0,-17.5,770.5,700.0,70.5,Fujairah,IFO380
06-Apr-2026,138.0,3.5,138.0,138.0,0.0,Fujairah,SS
08-Apr-2026,1017.0,-40.0,1017.0,1017.0,0.0,Global,VLSFO
07-Apr-2026,1057.0,3.5,1057.0,1057.0,0.0,Global,VLSFO
08-Apr-2026,1757.5,-102.5,1757.5,1757.5,0.0,Global,MGO
07-Apr-2026,1860.0,72.5,1860.0,1860.0,0.0,Global,MGO
08-Apr-2026,762.0,-38.0,762.0,762.0,0.0,Global,IFO380
07-Apr-2026,800.0,-0.5,800.0,800.0,0.0,Global,IFO380
07-Apr-2026,256.5,3.5,256.5,256.5,0.0,Global,SS
08-Apr-2026,786.0,-58.0,786.0,786.0,0.0,Global 4 Ports,VLSFO
07-Apr-2026,844.0,-7.0,844.0,844.0,0.0,Global 4 Ports,VLSFO
08-Apr-2026,1484.0,-159.0,1484.0,1484.0,0.0,Global 4 Ports,MGO
07-Apr-2026,1643.0,-24.0,1643.0,1643.0,0.0,Global 4 Ports,MGO
07-Apr-2026,1090.0,-73.0,1090.0,1090.0,0.0,Global 4 Ports,BIO
08-Apr-2026,636.0,-80.0,636.0,636.0,0.0,Global 4 Ports,IFO380
07-Apr-2026,716.0,-4.5,716.0,716.0,0.0,Global 4 Ports,IFO380
07-Apr-2026,128.0,-2.5,128.0,128.0,0.0,Global 4 Ports,SS
08-Apr-2026,1002.5,-26.0,1002.5,1002.5,0.0,Americas,VLSFO
07-Apr-2026,1028.5,10.5,1028.5,1028.5,0.0,Americas,VLSFO
08-Apr-2026,1527.0,-9.5,1527.0,1527.0,0.0,Americas,MGO
07-Apr-2026,1536.5,11.0,1536.5,1536.5,0.0,Americas,MGO
08-Apr-2026,792.0,-13.5,792.0,792.0,0.0,Americas,IFO380
07-Apr-2026,805.5,5.0,805.5,805.5,0.0,Americas,IFO380
07-Apr-2026,222.5,5.0,222.5,222.5,0.0,Americas,SS
08-Apr-2026,1063.0,-33.0,1063.0,1063.0,0.0,APAC,VLSFO
07-Apr-2026,1096.0,-0.5,1096.0,1096.0,0.0,APAC,VLSFO
08-Apr-2026,2057.0,-125.0,2057.0,2057.0,0.0,APAC,MGO
07-Apr-2026,2182.0,55.5,2182.0,2182.0,0.0,APAC,MGO
08-Apr-2026,792.5,-24.0,792.5,792.5,0.0,APAC,IFO380
07-Apr-2026,816.5,-3.0,816.5,816.5,0.0,APAC,IFO380
07-Apr-2026,279.5,2.5,279.5,279.5,0.0,APAC,SS
08-Apr-2026,970.5,-61.5,970.5,970.5,0.0,EMEA,VLSFO
07-Apr-2026,1032.0,2.0,1032.0,1032.0,0.0,EMEA,VLSFO
08-Apr-2026,1627.5,-183.5,1627.5,1627.5,0.0,EMEA,MGO
07-Apr-2026,1811.0,162.0,1811.0,1811.0,0.0,EMEA,MGO
08-Apr-2026,710.0,-70.5,710.0,710.0,0.0,EMEA,IFO380
07-Apr-2026,780.5,-1.0,780.5,780.5,0.0,EMEA,IFO380
07-Apr-2026,251.5,3.0,251.5,251.5,0.0,EMEA,SS
07-Apr-2026,744.5,-3.5,755.0,730.0,25.0,Rotterdam,VLSFO
07-Apr-2026,1500.0,56.5,1555.0,1475.0,80.0,Rotterdam,MGO
07-Apr-2026,1500.0,56.5,1555.0,1475.0,80.0,Rotterdam,LSMGO
07-Apr-2026,1060.0,-29.0,1060.0,1060.0,0.0,Rotterdam,BIO
07-Apr-2026,696.0,-20.5,730.5,672.0,58.5,Rotterdam,IFO380
07-Apr-2026,48.5,17.0,48.5,48.5,0.0,Rotterdam,SS
07-Apr-2026,1014.0,0.0,1014.0,1014.0,0.0,Rotterdam,LNG
07-Apr-2026,816.5,0.0,816.5,816.5,0.0,Rotterdam,LNG-380e
07-Apr-2026,855.0,0.0,855.0,855.0,0.0,Rotterdam,LNG-MGOe
07-Apr-2026,865.5,-22.5,880.5,845.5,35.0,Singapore,VLSFO
07-Apr-2026,1874.0,-190.0,1960.0,1652.0,308.0,Singapore,MGO
07-Apr-2026,1905.5,-158.5,1960.0,1840.0,120.0,Singapore,LSMGO
07-Apr-2026,1120.0,-20.0,1120.0,1120.0,0.0,Singapore,BIO
07-Apr-2026,742.0,-15.0,775.5,688.5,87.0,Singapore,IFO380
07-Apr-2026,124.0,-7.0,124.0,124.0,0.0,Singapore,SS
07-Apr-2026,919.0,5.5,935.0,902.0,33.0,Houston,VLSFO
07-Apr-2026,1460.0,49.0,1513.5,1400.0,113.5,Houston,MGO
02-Apr-2026,1260.0,-10.0,1260.0,1260.0,0.0,Houston,BIO
07-Apr-2026,705.0,13.0,727.0,665.5,61.5,Houston,IFO380
07-Apr-2026,214.0,-7.5,214.0,214.0,0.0,Houston,SS
07-Apr-2026,846.0,-8.5,867.5,818.5,49.0,Fujairah,VLSFO
07-Apr-2026,1738.5,-62.5,1880.0,1557.0,323.0,Fujairah,MGO
07-Apr-2026,721.0,5.0,776.5,700.0,76.5,Fujairah,IFO380
07-Apr-2026,125.0,-13.0,125.0,125.0,0.0,Fujairah,SS
08-Apr-2026,255.0,-1.5,255.0,255.0,0.0,Global,SS
08-Apr-2026,1197.0,107.0,1197.0,1197.0,0.0,Global 4 Ports,BIO
08-Apr-2026,150.5,22.5,150.5,150.5,0.0,Global 4 Ports,SS
08-Apr-2026,210.0,-12.5,210.0,210.0,0.0,Americas,SS
08-Apr-2026,270.5,-9.0,270.5,270.5,0.0,APAC,SS
08-Apr-2026,260.5,9.0,260.5,260.5,0.0,EMEA,SS
08-Apr-2026,671.0,-73.5,745.0,548.0,197.0,Rotterdam,VLSFO
08-Apr-2026,1277.0,-223.0,1385.0,1202.0,183.0,Rotterdam,MGO
08-Apr-2026,1277.0,-223.0,1385.0,1202.0,183.0,Rotterdam,LSMGO
08-Apr-2026,1239.0,179.0,1533.0,945.0,588.0,Rotterdam,BIO
08-Apr-2026,621.0,-75.0,670.0,528.0,142.0,Rotterdam,IFO380
08-Apr-2026,50.0,1.5,50.0,50.0,0.0,Rotterdam,SS
08-Apr-2026,795.5,-70.0,875.0,753.0,122.0,Singapore,VLSFO
08-Apr-2026,1670.5,-203.5,1940.0,1552.0,388.0,Singapore,MGO
08-Apr-2026,1673.0,-232.5,1940.0,1552.0,388.0,Singapore,LSMGO
08-Apr-2026,1033.5,-86.5,1072.0,995.0,77.0,Singapore,BIO
08-Apr-2026,641.5,-100.5,660.0,586.5,73.5,Singapore,IFO380
08-Apr-2026,153.5,29.5,153.5,153.5,0.0,Singapore,SS
08-Apr-2026,899.0,-20.0,945.0,845.0,100.0,Houston,VLSFO
08-Apr-2026,1304.5,-155.5,1410.0,1212.0,198.0,Houston,MGO
08-Apr-2026,1319.0,59.0,1319.0,1319.0,0.0,Houston,BIO
08-Apr-2026,669.0,-36.0,703.0,640.0,63.0,Houston,IFO380
08-Apr-2026,230.0,16.0,230.0,230.0,0.0,Houston,SS
08-Apr-2026,779.5,-66.5,855.0,740.0,115.0,Fujairah,VLSFO
08-Apr-2026,1684.5,-54.0,1865.0,1550.0,315.0,Fujairah,MGO
08-Apr-2026,611.5,-109.5,630.0,599.0,31.0,Fujairah,IFO380
08-Apr-2026,168.0,43.0,168.0,168.0,0.0,Fujairah,SS
09-Apr-2026,995.5,-21.5,995.5,995.5,0.0,Global,VLSFO
09-Apr-2026,1728.5,-29.0,1728.5,1728.5,0.0,Global,MGO
09-Apr-2026,753.0,-9.0,753.0,753.0,0.0,Global,IFO380
09-Apr-2026,242.5,-12.5,242.5,242.5,0.0,Global,SS
09-Apr-2026,757.0,-29.0,757.0,757.0,0.0,Global 4 Ports,VLSFO
09-Apr-2026,1440.5,-43.5,1440.5,1440.5,0.0,Global 4 Ports,MGO
09-Apr-2026,1037.5,-159.5,1037.5,1037.5,0.0,Global 4 Ports,BIO
09-Apr-2026,652.5,16.5,652.5,652.5,0.0,Global 4 Ports,IFO380
09-Apr-2026,104.5,-46.0,104.5,104.5,0.0,Global 4 Ports,SS
09-Apr-2026,979.0,-23.5,979.0,979.0,0.0,Americas,VLSFO
09-Apr-2026,1504.5,-22.5,1504.5,1504.5,0.0,Americas,MGO
09-Apr-2026,754.0,-38.0,754.0,754.0,0.0,Americas,IFO380
09-Apr-2026,225.0,15.0,225.0,225.0,0.0,Americas,SS
09-Apr-2026,1041.0,-22.0,1041.0,1041.0,0.0,APAC,VLSFO
09-Apr-2026,2007.0,-50.0,2007.0,2007.0,0.0,APAC,MGO
09-Apr-2026,790.5,-2.0,790.5,790.5,0.0,APAC,IFO380
09-Apr-2026,250.5,-20.0,250.5,250.5,0.0,APAC,SS
09-Apr-2026,950.5,-20.0,950.5,950.5,0.0,EMEA,VLSFO
09-Apr-2026,1621.0,-6.5,1621.0,1621.0,0.0,EMEA,MGO
09-Apr-2026,714.0,4.0,714.0,714.0,0.0,EMEA,IFO380
09-Apr-2026,236.5,-24.0,236.5,236.5,0.0,EMEA,SS
09-Apr-2026,695.5,24.5,745.0,665.0,80.0,Rotterdam,VLSFO
09-Apr-2026,1323.5,46.5,1460.0,1235.0,225.0,Rotterdam,MGO
09-Apr-2026,1323.5,46.5,1460.0,1235.0,225.0,Rotterdam,LSMGO
09-Apr-2026,984.0,-255.0,1003.0,965.0,38.0,Rotterdam,BIO
09-Apr-2026,655.0,34.0,708.0,640.0,68.0,Rotterdam,IFO380
09-Apr-2026,41.0,-9.0,41.0,41.0,0.0,Rotterdam,SS
09-Apr-2026,1014.0,0.0,1014.0,1014.0,0.0,Rotterdam,LNG
08-Apr-2026,1014.0,0.0,1014.0,1014.0,0.0,Rotterdam,LNG
09-Apr-2026,816.5,0.0,816.5,816.5,0.0,Rotterdam,LNG-380e
08-Apr-2026,816.5,0.0,816.5,816.5,0.0,Rotterdam,LNG-380e
09-Apr-2026,855.0,0.0,855.0,855.0,0.0,Rotterdam,LNG-MGOe
08-Apr-2026,855.0,0.0,855.0,855.0,0.0,Rotterdam,LNG-MGOe
09-Apr-2026,765.5,-30.0,785.0,739.5,45.5,Singapore,VLSFO
09-Apr-2026,1576.5,-94.0,1627.0,1510.0,117.0,Singapore,MGO
09-Apr-2026,1576.5,-96.5,1627.0,1510.0,117.0,Singapore,LSMGO
09-Apr-2026,938.0,-95.5,973.0,903.0,70.0,Singapore,BIO
09-Apr-2026,665.0,23.5,685.0,652.0,33.0,Singapore,IFO380
09-Apr-2026,100.5,-53.0,100.5,100.5,0.0,Singapore,SS
09-Apr-2026,814.0,-85.0,840.0,790.0,50.0,Houston,VLSFO
09-Apr-2026,1264.5,-40.0,1320.0,1220.0,100.0,Houston,MGO
09-Apr-2026,1190.0,-129.0,1190.0,1190.0,0.0,Houston,BIO
09-Apr-2026,656.0,-13.0,673.0,625.5,47.5,Houston,IFO380
09-Apr-2026,158.0,-72.0,158.0,158.0,0.0,Houston,SS
09-Apr-2026,754.0,-25.5,760.0,745.0,15.0,Fujairah,VLSFO
09-Apr-2026,1597.0,-87.5,1650.0,1509.5,140.5,Fujairah,MGO
09-Apr-2026,635.0,23.5,665.0,626.0,39.0,Fujairah,IFO380
09-Apr-2026,119.0,-49.0,119.0,119.0,0.0,Fujairah,SS
10-Apr-2026,982.0,-13.5,982.0,982.0,0.0,Global,VLSFO
10-Apr-2026,1717.0,-11.5,1717.0,1717.0,0.0,Global,MGO
10-Apr-2026,749.0,-4.0,749.0,749.0,0.0,Global,IFO380
10-Apr-2026,233.0,-9.5,233.0,233.0,0.0,Global,SS
10-Apr-2026,756.5,-0.5,756.5,756.5,0.0,Global 4 Ports,VLSFO
10-Apr-2026,1427.5,-13.0,1427.5,1427.5,0.0,Global 4 Ports,MGO
10-Apr-2026,1012.0,-25.5,1012.0,1012.0,0.0,Global 4 Ports,BIO
10-Apr-2026,635.5,-17.0,635.5,635.5,0.0,Global 4 Ports,IFO380
10-Apr-2026,121.0,16.5,121.0,121.0,0.0,Global 4 Ports,SS
10-Apr-2026,963.5,-15.5,963.5,963.5,0.0,Americas,VLSFO
10-Apr-2026,1434.0,-70.5,1434.0,1434.0,0.0,Americas,MGO
10-Apr-2026,753.5,-0.5,753.5,753.5,0.0,Americas,IFO380
10-Apr-2026,210.0,-15.0,210.0,210.0,0.0,Americas,SS
10-Apr-2026,1032.0,-9.0,1032.0,1032.0,0.0,APAC,VLSFO
10-Apr-2026,2024.0,17.0,2024.0,2024.0,0.0,APAC,MGO
10-Apr-2026,785.0,-5.5,785.0,785.0,0.0,APAC,IFO380
10-Apr-2026,247.0,-3.5,247.0,247.0,0.0,APAC,SS
10-Apr-2026,930.5,-20.0,930.5,930.5,0.0,EMEA,VLSFO
10-Apr-2026,1638.0,17.0,1638.0,1638.0,0.0,EMEA,MGO
10-Apr-2026,709.5,-4.5,709.5,709.5,0.0,EMEA,IFO380
10-Apr-2026,221.0,-15.5,221.0,221.0,0.0,EMEA,SS
10-Apr-2026,670.5,-25.0,685.0,652.5,32.5,Rotterdam,VLSFO
10-Apr-2026,1293.5,-30.0,1340.0,1245.0,95.0,Rotterdam,MGO
10-Apr-2026,1293.5,-30.0,1340.0,1245.0,95.0,Rotterdam,LSMGO
10-Apr-2026,859.0,-125.0,925.0,793.0,132.0,Rotterdam,BIO
10-Apr-2026,637.5,-17.5,655.0,630.0,25.0,Rotterdam,IFO380
10-Apr-2026,33.5,-7.5,33.5,33.5,0.0,Rotterdam,SS
09-Feb-2026,290.0,-1.5,290.0,290.0,0.0,Rotterdam,MEOH
09-Feb-2026,619.0,-2.5,619.0,619.0,0.0,Rotterdam,MEOHMGOe
10-Apr-2026,766.5,1.0,776.0,753.0,23.0,Singapore,VLSFO
10-Apr-2026,1631.5,55.0,1735.0,1558.5,176.5,Singapore,MGO
10-Apr-2026,1631.5,55.0,1735.0,1558.5,176.5,Singapore,LSMGO
10-Apr-2026,966.5,28.5,976.0,957.0,19.0,Singapore,BIO
10-Apr-2026,657.0,-8.0,671.0,645.5,25.5,Singapore,IFO380
10-Apr-2026,110.0,9.5,110.0,110.0,0.0,Singapore,SS
09-Feb-2026,343.5,0.0,343.5,343.5,0.0,Singapore,MEOH
09-Feb-2026,707.0,0.5,707.0,707.0,0.0,Singapore,MEOHVLSF
09-Feb-2026,733.0,0.5,733.0,733.0,0.0,Singapore,MEOHMGOe
10-Apr-2026,841.5,27.5,866.0,823.0,43.0,Houston,VLSFO
10-Apr-2026,1213.5,-51.0,1260.0,1132.0,128.0,Houston,MGO
10-Apr-2026,1210.0,20.0,1210.0,1210.0,0.0,Houston,BIO
10-Apr-2026,629.0,-27.0,660.0,582.0,78.0,Houston,IFO380
10-Apr-2026,212.5,54.5,212.5,212.5,0.0,Houston,SS
09-Feb-2026,362.0,7.5,362.0,362.0,0.0,Houston,MEOH
09-Feb-2026,745.0,16.0,745.0,745.0,0.0,Houston,MEOHVLSF
09-Feb-2026,772.0,16.5,772.0,772.0,0.0,Houston,MEOHMGOe
10-Apr-2026,747.0,-7.0,760.0,725.0,35.0,Fujairah,VLSFO
10-Apr-2026,1571.5,-25.5,1625.0,1474.5,150.5,Fujairah,MGO
10-Apr-2026,618.5,-16.5,655.0,610.0,45.0,Fujairah,IFO380
10-Apr-2026,128.5,9.5,128.5,128.5,0.0,Fujairah,SS
09-Feb-2026,215.0,-4.0,215.0,215.0,0.0,Fujairah,MEOH
09-Feb-2026,442.5,-8.0,442.5,442.5,0.0,Fujairah,MEOHVLSF
09-Feb-2026,458.5,-8.5,458.5,458.5,0.0,Fujairah,MEOHMGOe
13-Apr-2026,983.0,1.0,983.0,983.0,0.0,Global,VLSFO
13-Apr-2026,1723.5,6.5,1723.5,1723.5,0.0,Global,MGO
13-Apr-2026,761.0,12.0,761.0,761.0,0.0,Global,IFO380
13-Apr-2026,222.0,-11.0,222.0,222.0,0.0,Global,SS
13-Apr-2026,761.5,5.0,761.5,761.5,0.0,Global 4 Ports,VLSFO
13-Apr-2026,1428.5,1.0,1428.5,1428.5,0.0,Global 4 Ports,MGO
13-Apr-2026,1005.0,-7.0,1005.0,1005.0,0.0,Global 4 Ports,BIO
13-Apr-2026,653.5,18.0,653.5,653.5,0.0,Global 4 Ports,IFO380
13-Apr-2026,108.0,-13.0,108.0,108.0,0.0,Global 4 Ports,SS
13-Apr-2026,965.5,2.0,965.5,965.5,0.0,Americas,VLSFO
13-Apr-2026,1446.0,12.0,1446.0,1446.0,0.0,Americas,MGO
13-Apr-2026,761.0,7.5,761.0,761.0,0.0,Americas,IFO380
13-Apr-2026,204.5,-5.5,204.5,204.5,0.0,Americas,SS
13-Apr-2026,1026.0,-6.0,1026.0,1026.0,0.0,APAC,VLSFO
13-Apr-2026,2052.0,28.0,2052.0,2052.0,0.0,APAC,MGO
13-Apr-2026,793.5,8.5,793.5,793.5,0.0,APAC,IFO380
13-Apr-2026,232.0,-15.0,232.0,232.0,0.0,APAC,SS
13-Apr-2026,942.0,11.5,942.0,942.0,0.0,EMEA,VLSFO
13-Apr-2026,1625.0,-13.0,1625.0,1625.0,0.0,EMEA,MGO
13-Apr-2026,729.0,19.5,729.0,729.0,0.0,EMEA,IFO380
13-Apr-2026,212.5,-8.5,212.5,212.5,0.0,EMEA,SS
13-Apr-2026,687.5,17.0,705.0,665.0,40.0,Rotterdam,VLSFO
13-Apr-2026,1318.0,24.5,1358.0,1295.0,63.0,Rotterdam,MGO
13-Apr-2026,1318.0,24.5,1358.0,1295.0,63.0,Rotterdam,LSMGO
13-Apr-2026,841.5,-17.5,890.0,793.0,97.0,Rotterdam,BIO
13-Apr-2026,663.0,25.5,675.0,655.0,20.0,Rotterdam,IFO380
13-Apr-2026,24.5,-9.0,24.5,24.5,0.0,Rotterdam,SS
13-Apr-2026,977.0,-37.0,977.0,977.0,0.0,Rotterdam,LNG
10-Apr-2026,1014.0,0.0,1014.0,1014.0,0.0,Rotterdam,LNG
13-Apr-2026,786.5,-30.0,786.5,786.5,0.0,Rotterdam,LNG-380e
10-Apr-2026,816.5,0.0,816.5,816.5,0.0,Rotterdam,LNG-380e
13-Apr-2026,823.5,-31.5,823.5,823.5,0.0,Rotterdam,LNG-MGOe
10-Apr-2026,855.0,0.0,855.0,855.0,0.0,Rotterdam,LNG-MGOe
13-Apr-2026,762.0,-4.5,782.0,740.0,42.0,Singapore,VLSFO
13-Apr-2026,1585.0,-46.5,1652.0,1517.0,135.0,Singapore,MGO
13-Apr-2026,1585.0,-46.5,1652.0,1517.0,135.0,Singapore,LSMGO
13-Apr-2026,984.0,17.5,992.0,976.0,16.0,Singapore,BIO
13-Apr-2026,671.5,14.5,695.0,637.0,58.0,Singapore,IFO380
13-Apr-2026,90.5,-19.5,90.5,90.5,0.0,Singapore,SS
13-Apr-2026,849.0,7.5,885.0,810.0,75.0,Houston,VLSFO
13-Apr-2026,1246.0,32.5,1286.0,1197.0,89.0,Houston,MGO
13-Apr-2026,1190.0,-20.0,1190.0,1190.0,0.0,Houston,BIO
13-Apr-2026,648.5,19.5,687.0,600.0,87.0,Houston,IFO380
13-Apr-2026,200.5,-12.0,200.5,200.5,0.0,Houston,SS
13-Apr-2026,748.0,1.0,760.0,725.0,35.0,Fujairah,VLSFO
13-Apr-2026,1564.5,-7.0,1615.0,1470.5,144.5,Fujairah,MGO
13-Apr-2026,632.0,13.5,644.0,621.5,22.5,Fujairah,IFO380
13-Apr-2026,115.5,-13.0,115.5,115.5,0.0,Fujairah,SS
14-Apr-2026,984.5,1.5,984.5,984.5,0.0,Global,VLSFO
14-Apr-2026,1690.5,-33.0,1690.5,1690.5,0.0,Global,MGO
14-Apr-2026,751.5,-9.5,751.5,751.5,0.0,Global,IFO380
14-Apr-2026,233.0,11.0,233.0,233.0,0.0,Global,SS
14-Apr-2026,748.5,-13.0,748.5,748.5,0.0,Global 4 Ports,VLSFO
14-Apr-2026,1376.0,-52.5,1376.0,1376.0,0.0,Global 4 Ports,MGO
14-Apr-2026,998.5,-6.5,998.5,998.5,0.0,Global 4 Ports,BIO
14-Apr-2026,642.0,-11.5,642.0,642.0,0.0,Global 4 Ports,IFO380
14-Apr-2026,106.5,-1.5,106.5,106.5,0.0,Global 4 Ports,SS
14-Apr-2026,968.0,2.5,968.0,968.0,0.0,Americas,VLSFO
14-Apr-2026,1414.5,-31.5,1414.5,1414.5,0.0,Americas,MGO
14-Apr-2026,763.0,2.0,763.0,763.0,0.0,Americas,IFO380
14-Apr-2026,205.0,0.5,205.0,205.0,0.0,Americas,SS
14-Apr-2026,1025.0,-1.0,1025.0,1025.0,0.0,APAC,VLSFO
14-Apr-2026,2015.5,-36.5,2015.5,2015.5,0.0,APAC,MGO
14-Apr-2026,788.0,-5.5,788.0,788.0,0.0,APAC,IFO380
14-Apr-2026,237.0,5.0,237.0,237.0,0.0,APAC,SS
14-Apr-2026,948.0,6.0,948.0,948.0,0.0,EMEA,VLSFO
14-Apr-2026,1587.5,-37.5,1587.5,1587.5,0.0,EMEA,MGO
14-Apr-2026,709.5,-19.5,709.5,709.5,0.0,EMEA,IFO380
14-Apr-2026,238.5,26.0,238.5,238.5,0.0,EMEA,SS
14-Apr-2026,669.0,-18.5,686.5,645.0,41.5,Rotterdam,VLSFO
14-Apr-2026,1272.5,-45.5,1325.0,1238.0,87.0,Rotterdam,MGO
14-Apr-2026,1272.5,-45.5,1325.0,1238.0,87.0,Rotterdam,LSMGO
14-Apr-2026,851.0,9.5,851.0,851.0,0.0,Rotterdam,BIO
14-Apr-2026,630.0,-33.0,645.0,622.0,23.0,Rotterdam,IFO380
14-Apr-2026,38.5,14.0,38.5,38.5,0.0,Rotterdam,SS
14-Apr-2026,977.0,0.0,977.0,977.0,0.0,Rotterdam,LNG
14-Apr-2026,786.5,0.0,786.5,786.5,0.0,Rotterdam,LNG-380e
14-Apr-2026,823.5,0.0,823.5,823.5,0.0,Rotterdam,LNG-MGOe
14-Apr-2026,749.0,-13.0,765.0,727.5,37.5,Singapore,VLSFO
14-Apr-2026,1493.0,-92.0,1605.0,1422.5,182.5,Singapore,MGO
14-Apr-2026,1493.0,-92.0,1605.0,1422.5,182.5,Singapore,LSMGO
14-Apr-2026,935.0,-49.0,935.0,935.0,0.0,Singapore,BIO
14-Apr-2026,671.0,-0.5,695.5,637.5,58.0,Singapore,IFO380
14-Apr-2026,78.0,-12.5,78.0,78.0,0.0,Singapore,SS
14-Apr-2026,843.0,-6.0,875.0,808.0,67.0,Houston,VLSFO
14-Apr-2026,1234.0,-12.0,1283.0,1192.0,91.0,Houston,MGO
14-Apr-2026,1210.0,20.0,1210.0,1210.0,0.0,Houston,BIO
14-Apr-2026,631.5,-17.0,676.0,596.0,80.0,Houston,IFO380
14-Apr-2026,211.5,11.0,211.5,211.5,0.0,Houston,SS
14-Apr-2026,733.5,-14.5,750.0,720.0,30.0,Fujairah,VLSFO
14-Apr-2026,1505.0,-59.5,1565.0,1450.0,115.0,Fujairah,MGO
14-Apr-2026,635.5,3.5,650.0,624.5,25.5,Fujairah,IFO380
14-Apr-2026,98.5,-17.0,98.5,98.5,0.0,Fujairah,SS
29-Apr-2026,932.0,6.5,932.0,932.0,0.0,Global,VLSFO
28-Apr-2026,925.5,9.0,925.5,925.5,0.0,Global,VLSFO
27-Apr-2026,916.5,3.5,916.5,916.5,0.0,Global,VLSFO
24-Apr-2026,913.0,16.5,913.0,913.0,0.0,Global,VLSFO
23-Apr-2026,896.5,-3.0,896.5,896.5,0.0,Global,VLSFO
22-Apr-2026,899.5,6.5,899.5,899.5,0.0,Global,VLSFO
21-Apr-2026,893.0,-18.5,893.0,893.0,0.0,Global,VLSFO
20-Apr-2026,911.5,-12.0,911.5,911.5,0.0,Global,VLSFO
17-Apr-2026,923.5,-12.0,923.5,923.5,0.0,Global,VLSFO
16-Apr-2026,935.5,-15.0,935.5,935.5,0.0,Global,VLSFO
15-Apr-2026,950.5,-34.0,950.5,950.5,0.0,Global,VLSFO
29-Apr-2026,1581.0,8.5,1581.0,1581.0,0.0,Global,MGO
28-Apr-2026,1572.5,-12.5,1572.5,1572.5,0.0,Global,MGO
27-Apr-2026,1585.0,0.5,1585.0,1585.0,0.0,Global,MGO
24-Apr-2026,1584.5,30.5,1584.5,1584.5,0.0,Global,MGO
23-Apr-2026,1554.0,-9.5,1554.0,1554.0,0.0,Global,MGO
22-Apr-2026,1563.5,53.0,1563.5,1563.5,0.0,Global,MGO
21-Apr-2026,1510.5,-14.0,1510.5,1510.5,0.0,Global,MGO
20-Apr-2026,1524.5,-53.0,1524.5,1524.5,0.0,Global,MGO
17-Apr-2026,1577.5,-12.0,1577.5,1577.5,0.0,Global,MGO
16-Apr-2026,1589.5,-21.0,1589.5,1589.5,0.0,Global,MGO
15-Apr-2026,1610.5,-80.0,1610.5,1610.5,0.0,Global,MGO
29-Apr-2026,766.5,12.0,766.5,766.5,0.0,Global,IFO380
28-Apr-2026,754.5,16.5,754.5,754.5,0.0,Global,IFO380
27-Apr-2026,738.0,3.5,738.0,738.0,0.0,Global,IFO380
24-Apr-2026,734.5,7.5,734.5,734.5,0.0,Global,IFO380
23-Apr-2026,727.0,7.0,727.0,727.0,0.0,Global,IFO380
22-Apr-2026,720.0,8.0,720.0,720.0,0.0,Global,IFO380
21-Apr-2026,712.0,-14.5,712.0,712.0,0.0,Global,IFO380
20-Apr-2026,726.5,11.5,726.5,726.5,0.0,Global,IFO380
17-Apr-2026,715.0,-4.0,715.0,715.0,0.0,Global,IFO380
16-Apr-2026,719.0,-6.5,719.0,719.0,0.0,Global,IFO380
15-Apr-2026,725.5,-26.0,725.5,725.5,0.0,Global,IFO380
29-Apr-2026,165.5,-5.5,165.5,165.5,0.0,Global,SS
28-Apr-2026,171.0,-7.5,171.0,171.0,0.0,Global,SS
27-Apr-2026,178.5,0.0,178.5,178.5,0.0,Global,SS
24-Apr-2026,178.5,9.0,178.5,178.5,0.0,Global,SS
23-Apr-2026,169.5,-10.0,169.5,169.5,0.0,Global,SS
22-Apr-2026,179.5,-1.0,179.5,179.5,0.0,Global,SS
21-Apr-2026,180.5,-4.5,180.5,180.5,0.0,Global,SS
20-Apr-2026,185.0,-23.5,185.0,185.0,0.0,Global,SS
17-Apr-2026,208.5,-8.0,208.5,208.5,0.0,Global,SS
16-Apr-2026,216.5,-8.5,216.5,216.5,0.0,Global,SS
15-Apr-2026,225.0,-8.0,225.0,225.0,0.0,Global,SS
29-Apr-2026,824.0,21.5,824.0,824.0,0.0,Global 4 Ports,VLSFO
28-Apr-2026,802.5,13.0,802.5,802.5,0.0,Global 4 Ports,VLSFO
27-Apr-2026,789.5,11.0,789.5,789.5,0.0,Global 4 Ports,VLSFO
24-Apr-2026,778.5,18.0,778.5,778.5,0.0,Global 4 Ports,VLSFO
23-Apr-2026,760.5,28.0,760.5,760.5,0.0,Global 4 Ports,VLSFO
22-Apr-2026,732.5,21.5,732.5,732.5,0.0,Global 4 Ports,VLSFO
21-Apr-2026,711.0,-5.0,711.0,711.0,0.0,Global 4 Ports,VLSFO
20-Apr-2026,716.0,-9.0,716.0,716.0,0.0,Global 4 Ports,VLSFO
17-Apr-2026,725.0,-6.5,725.0,725.0,0.0,Global 4 Ports,VLSFO
16-Apr-2026,731.5,-5.0,731.5,731.5,0.0,Global 4 Ports,VLSFO
15-Apr-2026,736.5,-12.0,736.5,736.5,0.0,Global 4 Ports,VLSFO
29-Apr-2026,1336.5,21.5,1336.5,1336.5,0.0,Global 4 Ports,MGO
28-Apr-2026,1315.0,-24.5,1315.0,1315.0,0.0,Global 4 Ports,MGO
27-Apr-2026,1339.5,11.5,1339.5,1339.5,0.0,Global 4 Ports,MGO
24-Apr-2026,1328.0,35.0,1328.0,1328.0,0.0,Global 4 Ports,MGO
23-Apr-2026,1293.0,28.0,1293.0,1293.0,0.0,Global 4 Ports,MGO
22-Apr-2026,1265.0,71.5,1265.0,1265.0,0.0,Global 4 Ports,MGO
21-Apr-2026,1193.5,-33.5,1193.5,1193.5,0.0,Global 4 Ports,MGO
20-Apr-2026,1227.0,-70.0,1227.0,1227.0,0.0,Global 4 Ports,MGO
17-Apr-2026,1297.0,-21.5,1297.0,1297.0,0.0,Global 4 Ports,MGO
16-Apr-2026,1318.5,-3.5,1318.5,1318.5,0.0,Global 4 Ports,MGO
15-Apr-2026,1322.0,-54.0,1322.0,1322.0,0.0,Global 4 Ports,MGO
29-Apr-2026,1031.0,12.5,1031.0,1031.0,0.0,Global 4 Ports,BIO
28-Apr-2026,1018.5,14.0,1018.5,1018.5,0.0,Global 4 Ports,BIO
27-Apr-2026,1004.5,-2.5,1004.5,1004.5,0.0,Global 4 Ports,BIO
24-Apr-2026,1007.0,14.5,1007.0,1007.0,0.0,Global 4 Ports,BIO
23-Apr-2026,992.5,23.0,992.5,992.5,0.0,Global 4 Ports,BIO
22-Apr-2026,969.5,17.0,969.5,969.5,0.0,Global 4 Ports,BIO
21-Apr-2026,952.5,0.0,952.5,952.5,0.0,Global 4 Ports,BIO
20-Apr-2026,952.5,-29.5,952.5,952.5,0.0,Global 4 Ports,BIO
17-Apr-2026,982.0,13.5,982.0,982.0,0.0,Global 4 Ports,BIO
16-Apr-2026,968.5,-7.0,968.5,968.5,0.0,Global 4 Ports,BIO
15-Apr-2026,975.5,-23.0,975.5,975.5,0.0,Global 4 Ports,BIO
29-Apr-2026,676.0,6.5,676.0,676.0,0.0,Global 4 Ports,IFO380
28-Apr-2026,669.5,14.0,669.5,669.5,0.0,Global 4 Ports,IFO380
27-Apr-2026,655.5,5.5,655.5,655.5,0.0,Global 4 Ports,IFO380
24-Apr-2026,650.0,14.0,650.0,650.0,0.0,Global 4 Ports,IFO380
23-Apr-2026,636.0,14.0,636.0,636.0,0.0,Global 4 Ports,IFO380
22-Apr-2026,622.0,23.0,622.0,622.0,0.0,Global 4 Ports,IFO380
21-Apr-2026,599.0,-7.5,599.0,599.0,0.0,Global 4 Ports,IFO380
20-Apr-2026,606.5,-9.0,606.5,606.5,0.0,Global 4 Ports,IFO380
17-Apr-2026,615.5,-11.5,615.5,615.5,0.0,Global 4 Ports,IFO380
16-Apr-2026,627.0,-3.0,627.0,627.0,0.0,Global 4 Ports,IFO380
15-Apr-2026,630.0,-12.0,630.0,630.0,0.0,Global 4 Ports,IFO380
29-Apr-2026,148.0,15.0,148.0,148.0,0.0,Global 4 Ports,SS
28-Apr-2026,133.0,-1.0,133.0,133.0,0.0,Global 4 Ports,SS
27-Apr-2026,134.0,5.5,134.0,134.0,0.0,Global 4 Ports,SS
24-Apr-2026,128.5,3.5,128.5,128.5,0.0,Global 4 Ports,SS
23-Apr-2026,125.0,14.0,125.0,125.0,0.0,Global 4 Ports,SS
22-Apr-2026,111.0,-1.0,111.0,111.0,0.0,Global 4 Ports,SS
21-Apr-2026,112.0,2.5,112.0,112.0,0.0,Global 4 Ports,SS
20-Apr-2026,109.5,0.5,109.5,109.5,0.0,Global 4 Ports,SS
17-Apr-2026,109.0,4.5,109.0,109.0,0.0,Global 4 Ports,SS
16-Apr-2026,104.5,-2.5,104.5,104.5,0.0,Global 4 Ports,SS
15-Apr-2026,107.0,0.5,107.0,107.0,0.0,Global 4 Ports,SS
29-Apr-2026,960.5,16.0,960.5,960.5,0.0,Americas,VLSFO
28-Apr-2026,944.5,7.5,944.5,944.5,0.0,Americas,VLSFO
27-Apr-2026,937.0,5.5,937.0,937.0,0.0,Americas,VLSFO
24-Apr-2026,931.5,9.0,931.5,931.5,0.0,Americas,VLSFO
23-Apr-2026,922.5,6.0,922.5,922.5,0.0,Americas,VLSFO
22-Apr-2026,916.5,9.0,916.5,916.5,0.0,Americas,VLSFO
21-Apr-2026,907.5,-5.5,907.5,907.5,0.0,Americas,VLSFO
20-Apr-2026,913.0,-17.5,913.0,913.0,0.0,Americas,VLSFO
17-Apr-2026,930.5,-13.0,930.5,930.5,0.0,Americas,VLSFO
16-Apr-2026,943.5,-11.0,943.5,943.5,0.0,Americas,VLSFO
15-Apr-2026,954.5,-13.5,954.5,954.5,0.0,Americas,VLSFO
29-Apr-2026,1483.0,8.0,1483.0,1483.0,0.0,Americas,MGO
28-Apr-2026,1475.0,-11.0,1475.0,1475.0,0.0,Americas,MGO
27-Apr-2026,1486.0,-5.5,1486.0,1486.0,0.0,Americas,MGO
24-Apr-2026,1491.5,11.0,1491.5,1491.5,0.0,Americas,MGO
23-Apr-2026,1480.5,24.5,1480.5,1480.5,0.0,Americas,MGO
22-Apr-2026,1456.0,88.5,1456.0,1456.0,0.0,Americas,MGO
21-Apr-2026,1367.5,3.5,1367.5,1367.5,0.0,Americas,MGO
20-Apr-2026,1364.0,-25.0,1364.0,1364.0,0.0,Americas,MGO
17-Apr-2026,1389.0,-22.0,1389.0,1389.0,0.0,Americas,MGO
16-Apr-2026,1411.0,10.0,1411.0,1411.0,0.0,Americas,MGO
15-Apr-2026,1401.0,-13.5,1401.0,1401.0,0.0,Americas,MGO
29-Apr-2026,780.5,10.5,780.5,780.5,0.0,Americas,IFO380
28-Apr-2026,770.0,10.0,770.0,770.0,0.0,Americas,IFO380
27-Apr-2026,760.0,7.0,760.0,760.0,0.0,Americas,IFO380
24-Apr-2026,753.0,2.0,753.0,753.0,0.0,Americas,IFO380
23-Apr-2026,751.0,8.0,751.0,751.0,0.0,Americas,IFO380
22-Apr-2026,743.0,8.5,743.0,743.0,0.0,Americas,IFO380
21-Apr-2026,734.5,1.5,734.5,734.5,0.0,Americas,IFO380
20-Apr-2026,733.0,-13.0,733.0,733.0,0.0,Americas,IFO380
17-Apr-2026,746.0,3.0,746.0,746.0,0.0,Americas,IFO380
16-Apr-2026,743.0,-2.5,743.0,743.0,0.0,Americas,IFO380
15-Apr-2026,745.5,-17.5,745.5,745.5,0.0,Americas,IFO380
29-Apr-2026,180.0,5.5,180.0,180.0,0.0,Americas,SS
28-Apr-2026,174.5,-2.0,174.5,174.5,0.0,Americas,SS
27-Apr-2026,176.5,-2.0,176.5,176.5,0.0,Americas,SS
24-Apr-2026,178.5,6.5,178.5,178.5,0.0,Americas,SS
23-Apr-2026,172.0,-1.5,172.0,172.0,0.0,Americas,SS
22-Apr-2026,173.5,0.5,173.5,173.5,0.0,Americas,SS
21-Apr-2026,173.0,-7.0,173.0,173.0,0.0,Americas,SS
20-Apr-2026,180.0,-5.0,180.0,180.0,0.0,Americas,SS
17-Apr-2026,185.0,-15.5,185.0,185.0,0.0,Americas,SS
16-Apr-2026,200.5,-8.5,200.5,200.5,0.0,Americas,SS
15-Apr-2026,209.0,4.0,209.0,209.0,0.0,Americas,SS
29-Apr-2026,924.5,-15.0,924.5,924.5,0.0,APAC,VLSFO
28-Apr-2026,939.5,2.5,939.5,939.5,0.0,APAC,VLSFO
27-Apr-2026,937.0,6.5,937.0,937.0,0.0,APAC,VLSFO
24-Apr-2026,930.5,23.5,930.5,930.5,0.0,APAC,VLSFO
23-Apr-2026,907.0,-13.0,907.0,907.0,0.0,APAC,VLSFO
22-Apr-2026,920.0,-12.0,920.0,920.0,0.0,APAC,VLSFO
21-Apr-2026,932.0,-6.5,932.0,932.0,0.0,APAC,VLSFO
20-Apr-2026,938.5,-19.5,938.5,938.5,0.0,APAC,VLSFO
17-Apr-2026,958.0,-13.0,958.0,958.0,0.0,APAC,VLSFO
16-Apr-2026,971.0,-14.0,971.0,971.0,0.0,APAC,VLSFO
15-Apr-2026,985.0,-40.0,985.0,985.0,0.0,APAC,VLSFO
29-Apr-2026,1613.0,-48.5,1613.0,1613.0,0.0,APAC,MGO
28-Apr-2026,1661.5,-19.5,1661.5,1661.5,0.0,APAC,MGO
27-Apr-2026,1681.0,0.5,1681.0,1681.0,0.0,APAC,MGO
24-Apr-2026,1680.5,54.5,1680.5,1680.5,0.0,APAC,MGO
23-Apr-2026,1626.0,-59.0,1626.0,1626.0,0.0,APAC,MGO
22-Apr-2026,1685.0,-84.0,1685.0,1685.0,0.0,APAC,MGO
21-Apr-2026,1769.0,-29.5,1769.0,1769.0,0.0,APAC,MGO
20-Apr-2026,1798.5,-79.0,1798.5,1798.5,0.0,APAC,MGO
17-Apr-2026,1877.5,-2.0,1877.5,1877.5,0.0,APAC,MGO
16-Apr-2026,1879.5,10.5,1879.5,1879.5,0.0,APAC,MGO
15-Apr-2026,1869.0,-146.5,1869.0,1869.0,0.0,APAC,MGO
29-Apr-2026,766.5,-18.5,766.5,766.5,0.0,APAC,IFO380
28-Apr-2026,785.0,7.5,785.0,785.0,0.0,APAC,IFO380
27-Apr-2026,777.5,3.0,777.5,777.5,0.0,APAC,IFO380
24-Apr-2026,774.5,16.5,774.5,774.5,0.0,APAC,IFO380
23-Apr-2026,758.0,10.5,758.0,758.0,0.0,APAC,IFO380
22-Apr-2026,747.5,-9.5,747.5,747.5,0.0,APAC,IFO380
21-Apr-2026,757.0,-3.5,757.0,757.0,0.0,APAC,IFO380
20-Apr-2026,760.5,-19.0,760.5,760.5,0.0,APAC,IFO380
17-Apr-2026,779.5,-8.0,779.5,779.5,0.0,APAC,IFO380
16-Apr-2026,787.5,21.5,787.5,787.5,0.0,APAC,IFO380
15-Apr-2026,766.0,-22.0,766.0,766.0,0.0,APAC,IFO380
29-Apr-2026,158.0,3.5,158.0,158.0,0.0,APAC,SS
28-Apr-2026,154.5,-5.0,154.5,154.5,0.0,APAC,SS
27-Apr-2026,159.5,3.5,159.5,159.5,0.0,APAC,SS
24-Apr-2026,156.0,7.0,156.0,156.0,0.0,APAC,SS
23-Apr-2026,149.0,-23.5,149.0,149.0,0.0,APAC,SS
22-Apr-2026,172.5,-2.5,172.5,172.5,0.0,APAC,SS
21-Apr-2026,175.0,-3.0,175.0,175.0,0.0,APAC,SS
20-Apr-2026,178.0,-0.5,178.0,178.0,0.0,APAC,SS
17-Apr-2026,178.5,-5.5,178.5,178.5,0.0,APAC,SS
16-Apr-2026,184.0,-35.5,184.0,184.0,0.0,APAC,SS
15-Apr-2026,219.5,-17.5,219.5,219.5,0.0,APAC,SS
29-Apr-2026,916.5,26.5,916.5,916.5,0.0,EMEA,VLSFO
28-Apr-2026,890.0,20.5,890.0,890.0,0.0,EMEA,VLSFO
27-Apr-2026,869.5,-4.0,869.5,869.5,0.0,EMEA,VLSFO
24-Apr-2026,873.5,16.0,873.5,873.5,0.0,EMEA,VLSFO
23-Apr-2026,857.5,1.0,857.5,857.5,0.0,EMEA,VLSFO
22-Apr-2026,856.5,30.5,856.5,856.5,0.0,EMEA,VLSFO
21-Apr-2026,826.0,-53.0,826.0,826.0,0.0,EMEA,VLSFO
20-Apr-2026,879.0,10.5,879.0,879.0,0.0,EMEA,VLSFO
17-Apr-2026,868.5,-11.5,868.5,868.5,0.0,EMEA,VLSFO
16-Apr-2026,880.0,-14.0,880.0,880.0,0.0,EMEA,VLSFO
15-Apr-2026,894.0,-54.0,894.0,894.0,0.0,EMEA,VLSFO
29-Apr-2026,1647.0,62.0,1647.0,1647.0,0.0,EMEA,MGO
28-Apr-2026,1585.0,-8.0,1585.0,1585.0,0.0,EMEA,MGO
27-Apr-2026,1593.0,6.0,1593.0,1593.0,0.0,EMEA,MGO
24-Apr-2026,1587.0,26.0,1587.0,1587.0,0.0,EMEA,MGO
23-Apr-2026,1561.0,11.5,1561.0,1561.0,0.0,EMEA,MGO
22-Apr-2026,1549.5,179.0,1549.5,1549.5,0.0,EMEA,MGO
21-Apr-2026,1370.5,-15.0,1370.5,1370.5,0.0,EMEA,MGO
20-Apr-2026,1385.5,-53.5,1385.5,1385.5,0.0,EMEA,MGO
17-Apr-2026,1439.0,-13.0,1439.0,1439.0,0.0,EMEA,MGO
16-Apr-2026,1452.0,-90.0,1452.0,1452.0,0.0,EMEA,MGO
15-Apr-2026,1542.0,-45.5,1542.0,1542.0,0.0,EMEA,MGO
29-Apr-2026,761.0,38.0,761.0,761.0,0.0,EMEA,IFO380
28-Apr-2026,723.0,29.0,723.0,723.0,0.0,EMEA,IFO380
27-Apr-2026,694.0,0.5,694.0,694.0,0.0,EMEA,IFO380
24-Apr-2026,693.5,5.0,693.5,693.5,0.0,EMEA,IFO380
23-Apr-2026,688.5,3.5,688.5,688.5,0.0,EMEA,IFO380
22-Apr-2026,685.0,15.5,685.0,685.0,0.0,EMEA,IFO380
21-Apr-2026,669.5,-35.0,669.5,669.5,0.0,EMEA,IFO380
20-Apr-2026,704.5,56.5,704.5,704.5,0.0,EMEA,IFO380
17-Apr-2026,648.0,-8.0,648.0,648.0,0.0,EMEA,IFO380
16-Apr-2026,656.0,-14.5,656.0,656.0,0.0,EMEA,IFO380
15-Apr-2026,670.5,-39.0,670.5,670.5,0.0,EMEA,IFO380
29-Apr-2026,155.5,-11.5,155.5,155.5,0.0,EMEA,SS
28-Apr-2026,167.0,-8.5,167.0,167.0,0.0,EMEA,SS
27-Apr-2026,175.5,-4.5,175.5,175.5,0.0,EMEA,SS
24-Apr-2026,180.0,11.0,180.0,180.0,0.0,EMEA,SS
23-Apr-2026,169.0,-2.5,169.0,169.0,0.0,EMEA,SS
22-Apr-2026,171.5,15.0,171.5,171.5,0.0,EMEA,SS
21-Apr-2026,156.5,-18.0,156.5,156.5,0.0,EMEA,SS
20-Apr-2026,174.5,-46.0,174.5,174.5,0.0,EMEA,SS
17-Apr-2026,220.5,-3.5,220.5,220.5,0.0,EMEA,SS
16-Apr-2026,224.0,0.0,224.0,224.0,0.0,EMEA,SS
15-Apr-2026,224.0,-14.5,224.0,224.0,0.0,EMEA,SS
29-Apr-2026,772.0,28.0,805.0,725.0,80.0,Rotterdam,VLSFO
28-Apr-2026,744.0,23.5,778.0,706.5,71.5,Rotterdam,VLSFO
27-Apr-2026,720.5,3.5,740.0,686.0,54.0,Rotterdam,VLSFO
24-Apr-2026,717.0,24.0,750.0,675.0,75.0,Rotterdam,VLSFO
23-Apr-2026,693.0,26.5,720.0,665.0,55.0,Rotterdam,VLSFO
22-Apr-2026,666.5,2.5,684.0,645.0,39.0,Rotterdam,VLSFO
21-Apr-2026,664.0,5.0,679.0,630.0,49.0,Rotterdam,VLSFO
20-Apr-2026,659.0,-6.5,685.0,610.0,75.0,Rotterdam,VLSFO
17-Apr-2026,665.5,2.5,708.0,615.0,93.0,Rotterdam,VLSFO
16-Apr-2026,663.0,-7.0,698.0,615.0,83.0,Rotterdam,VLSFO
15-Apr-2026,670.0,1.0,705.0,615.0,90.0,Rotterdam,VLSFO
29-Apr-2026,1303.0,19.0,1330.0,1257.0,73.0,Rotterdam,MGO
28-Apr-2026,1284.0,-4.0,1329.0,1239.0,90.0,Rotterdam,MGO
27-Apr-2026,1288.0,11.5,1335.0,1210.0,125.0,Rotterdam,MGO
24-Apr-2026,1276.5,56.5,1315.0,1200.0,115.0,Rotterdam,MGO
23-Apr-2026,1220.0,19.5,1286.0,1145.0,141.0,Rotterdam,MGO
22-Apr-2026,1200.5,51.5,1260.0,1145.0,115.0,Rotterdam,MGO
21-Apr-2026,1149.0,-16.0,1215.0,1102.0,113.0,Rotterdam,MGO
20-Apr-2026,1165.0,-47.5,1240.0,1097.0,143.0,Rotterdam,MGO
17-Apr-2026,1212.5,-20.0,1252.0,1176.0,76.0,Rotterdam,MGO
16-Apr-2026,1232.5,2.0,1290.0,1202.5,87.5,Rotterdam,MGO
15-Apr-2026,1230.5,-42.0,1285.0,1169.0,116.0,Rotterdam,MGO
29-Apr-2026,1303.0,19.0,1330.0,1257.0,73.0,Rotterdam,LSMGO
28-Apr-2026,1284.0,-4.0,1329.0,1239.0,90.0,Rotterdam,LSMGO
27-Apr-2026,1288.0,11.5,1335.0,1210.0,125.0,Rotterdam,LSMGO
24-Apr-2026,1276.5,56.5,1315.0,1200.0,115.0,Rotterdam,LSMGO
23-Apr-2026,1220.0,19.5,1286.0,1145.0,141.0,Rotterdam,LSMGO
22-Apr-2026,1200.5,51.5,1260.0,1145.0,115.0,Rotterdam,LSMGO
21-Apr-2026,1149.0,-16.0,1215.0,1102.0,113.0,Rotterdam,LSMGO
20-Apr-2026,1165.0,-47.5,1240.0,1097.0,143.0,Rotterdam,LSMGO
17-Apr-2026,1212.5,-20.0,1252.0,1176.0,76.0,Rotterdam,LSMGO
16-Apr-2026,1232.5,2.0,1290.0,1202.5,87.5,Rotterdam,LSMGO
15-Apr-2026,1230.5,-42.0,1285.0,1169.0,116.0,Rotterdam,LSMGO
29-Apr-2026,884.5,13.0,966.0,803.0,163.0,Rotterdam,BIO
28-Apr-2026,871.5,8.0,940.0,803.0,137.0,Rotterdam,BIO
27-Apr-2026,863.5,7.0,924.0,803.0,121.0,Rotterdam,BIO
24-Apr-2026,856.5,5.0,910.0,803.0,107.0,Rotterdam,BIO
23-Apr-2026,851.5,30.0,900.0,803.0,97.0,Rotterdam,BIO
22-Apr-2026,821.5,10.0,870.0,773.0,97.0,Rotterdam,BIO
21-Apr-2026,811.5,-10.0,850.0,773.0,77.0,Rotterdam,BIO
20-Apr-2026,821.5,-5.0,850.0,793.0,57.0,Rotterdam,BIO
17-Apr-2026,826.5,7.5,860.0,793.0,67.0,Rotterdam,BIO
16-Apr-2026,819.0,2.5,845.0,793.0,52.0,Rotterdam,BIO
15-Apr-2026,816.5,-34.5,840.0,793.0,47.0,Rotterdam,BIO
29-Apr-2026,673.0,18.5,695.0,651.0,44.0,Rotterdam,IFO380
28-Apr-2026,654.5,14.0,670.0,634.0,36.0,Rotterdam,IFO380
27-Apr-2026,640.5,5.5,650.0,619.5,30.5,Rotterdam,IFO380
24-Apr-2026,635.0,11.5,646.0,614.5,31.5,Rotterdam,IFO380
23-Apr-2026,623.5,9.0,635.0,604.0,31.0,Rotterdam,IFO380
22-Apr-2026,614.5,23.0,635.0,593.0,42.0,Rotterdam,IFO380
21-Apr-2026,591.5,-0.5,619.0,570.0,49.0,Rotterdam,IFO380
20-Apr-2026,592.0,-4.0,611.0,572.0,39.0,Rotterdam,IFO380
17-Apr-2026,596.0,-16.5,625.0,578.0,47.0,Rotterdam,IFO380
16-Apr-2026,612.5,-13.0,652.5,592.0,60.5,Rotterdam,IFO380
15-Apr-2026,625.5,-4.5,665.0,592.0,73.0,Rotterdam,IFO380
29-Apr-2026,99.0,9.5,99.0,99.0,0.0,Rotterdam,SS
28-Apr-2026,89.5,9.0,89.5,89.5,0.0,Rotterdam,SS
27-Apr-2026,80.5,-1.5,80.5,80.5,0.0,Rotterdam,SS
24-Apr-2026,82.0,12.5,82.0,82.0,0.0,Rotterdam,SS
23-Apr-2026,69.5,17.5,69.5,69.5,0.0,Rotterdam,SS
22-Apr-2026,52.0,-20.5,52.0,52.0,0.0,Rotterdam,SS
21-Apr-2026,72.5,5.5,72.5,72.5,0.0,Rotterdam,SS
20-Apr-2026,67.0,-2.5,67.0,67.0,0.0,Rotterdam,SS
17-Apr-2026,69.5,19.0,69.5,69.5,0.0,Rotterdam,SS
16-Apr-2026,50.5,5.5,50.5,50.5,0.0,Rotterdam,SS
15-Apr-2026,45.0,6.5,45.0,45.0,0.0,Rotterdam,SS
27-Apr-2026,297.0,-1.0,297.0,297.0,0.0,Rotterdam,MEOH
20-Apr-2026,298.0,1.0,298.0,298.0,0.0,Rotterdam,MEOH
10-Apr-2026,297.0,2.0,297.0,297.0,0.0,Rotterdam,MEOH
06-Apr-2026,295.0,0.0,295.0,295.0,0.0,Rotterdam,MEOH
30-Mar-2026,295.0,3.0,295.0,295.0,0.0,Rotterdam,MEOH
23-Mar-2026,292.0,-11.5,292.0,292.0,0.0,Rotterdam,MEOH
16-Mar-2026,303.5,13.0,303.5,303.5,0.0,Rotterdam,MEOH
09-Mar-2026,290.5,1.0,290.5,290.5,0.0,Rotterdam,MEOH
27-Feb-2026,289.5,-0.5,289.5,289.5,0.0,Rotterdam,MEOH
23-Feb-2026,290.0,-0.5,290.0,290.0,0.0,Rotterdam,MEOH
16-Feb-2026,290.5,0.5,290.5,290.5,0.0,Rotterdam,MEOH
27-Apr-2026,634.0,-1.5,634.0,634.0,0.0,Rotterdam,MEOHMGOe
20-Apr-2026,635.5,1.5,635.5,635.5,0.0,Rotterdam,MEOHMGOe
10-Apr-2026,634.0,4.5,634.0,634.0,0.0,Rotterdam,MEOHMGOe
06-Apr-2026,629.5,0.5,629.5,629.5,0.0,Rotterdam,MEOHMGOe
30-Mar-2026,629.0,6.5,629.0,629.0,0.0,Rotterdam,MEOHMGOe
23-Mar-2026,622.5,-25.0,622.5,622.5,0.0,Rotterdam,MEOHMGOe
16-Mar-2026,647.5,28.0,647.5,647.5,0.0,Rotterdam,MEOHMGOe
09-Mar-2026,619.5,24.0,619.5,619.5,0.0,Rotterdam,MEOHMGOe
27-Feb-2026,595.5,-23.5,595.5,595.5,0.0,Rotterdam,MEOHMGOe
23-Feb-2026,619.0,-0.5,619.0,619.0,0.0,Rotterdam,MEOHMGOe
16-Feb-2026,619.5,0.5,619.5,619.5,0.0,Rotterdam,MEOHMGOe
29-Apr-2026,934.0,0.0,934.0,934.0,0.0,Rotterdam,LNG
28-Apr-2026,934.0,0.0,934.0,934.0,0.0,Rotterdam,LNG
27-Apr-2026,934.0,10.0,934.0,934.0,0.0,Rotterdam,LNG
24-Apr-2026,924.0,0.0,924.0,924.0,0.0,Rotterdam,LNG
23-Apr-2026,924.0,0.0,924.0,924.0,0.0,Rotterdam,LNG
22-Apr-2026,924.0,0.0,924.0,924.0,0.0,Rotterdam,LNG
21-Apr-2026,924.0,0.0,924.0,924.0,0.0,Rotterdam,LNG
20-Apr-2026,924.0,-53.0,924.0,924.0,0.0,Rotterdam,LNG
17-Apr-2026,977.0,0.0,977.0,977.0,0.0,Rotterdam,LNG
16-Apr-2026,977.0,0.0,977.0,977.0,0.0,Rotterdam,LNG
15-Apr-2026,977.0,0.0,977.0,977.0,0.0,Rotterdam,LNG
29-Apr-2026,752.0,0.0,752.0,752.0,0.0,Rotterdam,LNG-380e
28-Apr-2026,752.0,0.0,752.0,752.0,0.0,Rotterdam,LNG-380e
27-Apr-2026,752.0,8.0,752.0,752.0,0.0,Rotterdam,LNG-380e
24-Apr-2026,744.0,0.0,744.0,744.0,0.0,Rotterdam,LNG-380e
23-Apr-2026,744.0,0.0,744.0,744.0,0.0,Rotterdam,LNG-380e
22-Apr-2026,744.0,0.0,744.0,744.0,0.0,Rotterdam,LNG-380e
21-Apr-2026,744.0,0.0,744.0,744.0,0.0,Rotterdam,LNG-380e
20-Apr-2026,744.0,-42.5,744.0,744.0,0.0,Rotterdam,LNG-380e
17-Apr-2026,786.5,0.0,786.5,786.5,0.0,Rotterdam,LNG-380e
16-Apr-2026,786.5,0.0,786.5,786.5,0.0,Rotterdam,LNG-380e
15-Apr-2026,786.5,0.0,786.5,786.5,0.0,Rotterdam,LNG-380e
29-Apr-2026,787.5,0.0,787.5,787.5,0.0,Rotterdam,LNG-MGOe
28-Apr-2026,787.5,0.0,787.5,787.5,0.0,Rotterdam,LNG-MGOe
27-Apr-2026,787.5,8.5,787.5,787.5,0.0,Rotterdam,LNG-MGOe
24-Apr-2026,779.0,0.0,779.0,779.0,0.0,Rotterdam,LNG-MGOe
23-Apr-2026,779.0,0.0,779.0,779.0,0.0,Rotterdam,LNG-MGOe
22-Apr-2026,779.0,0.0,779.0,779.0,0.0,Rotterdam,LNG-MGOe
21-Apr-2026,779.0,0.0,779.0,779.0,0.0,Rotterdam,LNG-MGOe
20-Apr-2026,779.0,-44.5,779.0,779.0,0.0,Rotterdam,LNG-MGOe
17-Apr-2026,823.5,0.0,823.5,823.5,0.0,Rotterdam,LNG-MGOe
16-Apr-2026,823.5,0.0,823.5,823.5,0.0,Rotterdam,LNG-MGOe
15-Apr-2026,823.5,0.0,823.5,823.5,0.0,Rotterdam,LNG-MGOe
29-Apr-2026,777.0,13.0,790.0,758.5,31.5,Singapore,VLSFO
28-Apr-2026,764.0,4.5,780.0,746.0,34.0,Singapore,VLSFO
27-Apr-2026,759.5,4.5,785.0,741.5,43.5,Singapore,VLSFO
24-Apr-2026,755.0,16.5,775.0,735.0,40.0,Singapore,VLSFO
23-Apr-2026,738.5,30.0,755.0,705.0,50.0,Singapore,VLSFO
22-Apr-2026,708.5,28.5,725.0,665.0,60.0,Singapore,VLSFO
21-Apr-2026,680.0,-16.0,700.0,666.0,34.0,Singapore,VLSFO
20-Apr-2026,696.0,-17.5,710.0,683.0,27.0,Singapore,VLSFO
17-Apr-2026,713.5,-3.5,727.5,696.5,31.0,Singapore,VLSFO
16-Apr-2026,717.0,-11.0,743.0,699.0,44.0,Singapore,VLSFO
15-Apr-2026,728.0,-21.0,745.0,710.0,35.0,Singapore,VLSFO
29-Apr-2026,1292.5,18.0,1370.0,1236.0,134.0,Singapore,MGO
28-Apr-2026,1274.5,-44.0,1340.0,1219.0,121.0,Singapore,MGO
27-Apr-2026,1318.5,-4.0,1365.0,1290.0,75.0,Singapore,MGO
24-Apr-2026,1322.5,27.0,1380.0,1285.5,94.5,Singapore,MGO
23-Apr-2026,1295.5,22.5,1345.0,1229.0,116.0,Singapore,MGO
22-Apr-2026,1273.0,95.0,1320.0,1205.0,115.0,Singapore,MGO
21-Apr-2026,1178.0,-79.5,1225.0,1143.0,82.0,Singapore,MGO
20-Apr-2026,1257.5,-99.5,1350.0,1186.0,164.0,Singapore,MGO
17-Apr-2026,1357.0,-20.0,1450.0,1290.0,160.0,Singapore,MGO
16-Apr-2026,1377.0,-18.0,1468.0,1312.0,156.0,Singapore,MGO
15-Apr-2026,1395.0,-98.0,1485.0,1326.5,158.5,Singapore,MGO
29-Apr-2026,1292.5,18.0,1370.0,1236.0,134.0,Singapore,LSMGO
28-Apr-2026,1274.5,-44.0,1340.0,1219.0,121.0,Singapore,LSMGO
27-Apr-2026,1318.5,-4.0,1365.0,1290.0,75.0,Singapore,LSMGO
24-Apr-2026,1322.5,27.0,1380.0,1285.5,94.5,Singapore,LSMGO
23-Apr-2026,1295.5,22.5,1345.0,1229.0,116.0,Singapore,LSMGO
22-Apr-2026,1273.0,95.0,1320.0,1205.0,115.0,Singapore,LSMGO
21-Apr-2026,1178.0,-79.5,1225.0,1143.0,82.0,Singapore,LSMGO
20-Apr-2026,1257.5,-99.5,1350.0,1186.0,164.0,Singapore,LSMGO
17-Apr-2026,1357.0,-20.0,1450.0,1290.0,160.0,Singapore,LSMGO
16-Apr-2026,1377.0,-18.0,1468.0,1312.0,156.0,Singapore,LSMGO
15-Apr-2026,1395.0,-98.0,1485.0,1326.5,158.5,Singapore,LSMGO
29-Apr-2026,949.0,-5.0,975.0,923.0,52.0,Singapore,BIO
28-Apr-2026,954.0,4.0,985.0,923.0,62.0,Singapore,BIO
27-Apr-2026,950.0,11.0,977.0,923.0,54.0,Singapore,BIO
24-Apr-2026,939.0,7.5,955.0,923.0,32.0,Singapore,BIO
23-Apr-2026,931.5,24.5,940.0,923.0,17.0,Singapore,BIO
22-Apr-2026,907.0,10.5,916.0,898.0,18.0,Singapore,BIO
21-Apr-2026,896.5,-15.0,898.0,895.0,3.0,Singapore,BIO
20-Apr-2026,911.5,-8.0,923.0,900.0,23.0,Singapore,BIO
17-Apr-2026,919.5,3.0,923.0,916.0,7.0,Singapore,BIO
16-Apr-2026,916.5,-18.0,923.0,910.0,13.0,Singapore,BIO
15-Apr-2026,934.5,-0.5,953.0,916.0,37.0,Singapore,BIO
29-Apr-2026,690.5,2.0,704.0,678.0,26.0,Singapore,IFO380
28-Apr-2026,688.5,20.0,700.0,675.0,25.0,Singapore,IFO380
27-Apr-2026,668.5,-5.0,696.0,648.0,48.0,Singapore,IFO380
24-Apr-2026,673.5,17.5,705.0,643.0,62.0,Singapore,IFO380
23-Apr-2026,656.0,15.5,675.0,643.0,32.0,Singapore,IFO380
22-Apr-2026,640.5,21.5,650.0,627.0,23.0,Singapore,IFO380
21-Apr-2026,619.0,-10.0,645.0,599.0,46.0,Singapore,IFO380
20-Apr-2026,629.0,-25.5,645.0,619.0,26.0,Singapore,IFO380
17-Apr-2026,654.5,-4.0,680.0,642.0,38.0,Singapore,IFO380
16-Apr-2026,658.5,-1.5,684.0,644.0,40.0,Singapore,IFO380
15-Apr-2026,660.0,-11.0,685.0,645.0,40.0,Singapore,IFO380
29-Apr-2026,87.0,11.5,87.0,87.0,0.0,Singapore,SS
28-Apr-2026,75.5,-15.5,75.5,75.5,0.0,Singapore,SS
27-Apr-2026,91.0,9.5,91.0,91.0,0.0,Singapore,SS
24-Apr-2026,81.5,-1.0,81.5,81.5,0.0,Singapore,SS
23-Apr-2026,82.5,14.0,82.5,82.5,0.0,Singapore,SS
22-Apr-2026,68.5,7.5,68.5,68.5,0.0,Singapore,SS
21-Apr-2026,61.0,-6.0,61.0,61.0,0.0,Singapore,SS
20-Apr-2026,67.0,7.5,67.0,67.0,0.0,Singapore,SS
17-Apr-2026,59.5,1.0,59.5,59.5,0.0,Singapore,SS
16-Apr-2026,58.5,-9.5,58.5,58.5,0.0,Singapore,SS
15-Apr-2026,68.0,-10.0,68.0,68.0,0.0,Singapore,SS
27-Apr-2026,695.0,-15.0,695.0,695.0,0.0,Singapore,MEOH
20-Apr-2026,710.0,-21.5,710.0,710.0,0.0,Singapore,MEOH
10-Apr-2026,731.5,20.0,731.5,731.5,0.0,Singapore,MEOH
06-Apr-2026,711.5,113.0,711.5,711.5,0.0,Singapore,MEOH
30-Mar-2026,598.5,53.0,598.5,598.5,0.0,Singapore,MEOH
23-Mar-2026,545.5,79.5,545.5,545.5,0.0,Singapore,MEOH
16-Mar-2026,466.0,99.0,466.0,466.0,0.0,Singapore,MEOH
09-Mar-2026,367.0,25.0,367.0,367.0,0.0,Singapore,MEOH
27-Feb-2026,342.0,1.5,342.0,342.0,0.0,Singapore,MEOH
23-Feb-2026,340.5,0.5,340.5,340.5,0.0,Singapore,MEOH
16-Feb-2026,340.0,-3.5,340.0,340.0,0.0,Singapore,MEOH
27-Apr-2026,1430.0,-30.5,1430.0,1430.0,0.0,Singapore,MEOHVLSF
20-Apr-2026,1460.5,-44.5,1460.5,1460.5,0.0,Singapore,MEOHVLSF
10-Apr-2026,1505.0,42.0,1505.0,1505.0,0.0,Singapore,MEOHVLSF
06-Apr-2026,1463.0,231.5,1463.0,1463.0,0.0,Singapore,MEOHVLSF
30-Mar-2026,1231.5,109.0,1231.5,1231.5,0.0,Singapore,MEOHVLSF
23-Mar-2026,1122.5,164.0,1122.5,1122.5,0.0,Singapore,MEOHVLSF
16-Mar-2026,958.5,203.0,958.5,958.5,0.0,Singapore,MEOHVLSF
09-Mar-2026,755.5,51.5,755.5,755.5,0.0,Singapore,MEOHVLSF
27-Feb-2026,704.0,3.5,704.0,704.0,0.0,Singapore,MEOHVLSF
23-Feb-2026,700.5,1.0,700.5,700.5,0.0,Singapore,MEOHVLSF
16-Feb-2026,699.5,-7.5,699.5,699.5,0.0,Singapore,MEOHVLSF
27-Apr-2026,1482.0,-32.0,1482.0,1482.0,0.0,Singapore,MEOHMGOe
20-Apr-2026,1514.0,-46.0,1514.0,1514.0,0.0,Singapore,MEOHMGOe
10-Apr-2026,1560.0,43.5,1560.0,1560.0,0.0,Singapore,MEOHMGOe
06-Apr-2026,1516.5,240.0,1516.5,1516.5,0.0,Singapore,MEOHMGOe
30-Mar-2026,1276.5,113.0,1276.5,1276.5,0.0,Singapore,MEOHMGOe
23-Mar-2026,1163.5,170.0,1163.5,1163.5,0.0,Singapore,MEOHMGOe
16-Mar-2026,993.5,210.5,993.5,993.5,0.0,Singapore,MEOHMGOe
09-Mar-2026,783.0,53.5,783.0,783.0,0.0,Singapore,MEOHMGOe
27-Feb-2026,729.5,3.5,729.5,729.5,0.0,Singapore,MEOHMGOe
23-Feb-2026,726.0,0.5,726.0,726.0,0.0,Singapore,MEOHMGOe
16-Feb-2026,725.5,-7.5,725.5,725.5,0.0,Singapore,MEOHMGOe
29-Apr-2026,899.5,21.5,928.0,870.0,58.0,Houston,VLSFO
28-Apr-2026,878.0,6.0,910.0,849.5,60.5,Houston,VLSFO
27-Apr-2026,872.0,20.0,915.0,840.0,75.0,Houston,VLSFO
24-Apr-2026,852.0,4.0,895.0,836.0,59.0,Houston,VLSFO
23-Apr-2026,848.0,17.0,885.0,820.0,65.0,Houston,VLSFO
22-Apr-2026,831.0,21.5,850.0,820.0,30.0,Houston,VLSFO
21-Apr-2026,809.5,2.5,830.0,785.0,45.0,Houston,VLSFO
20-Apr-2026,807.0,-6.0,825.0,783.0,42.0,Houston,VLSFO
17-Apr-2026,813.0,-20.5,840.0,795.0,45.0,Houston,VLSFO
16-Apr-2026,833.5,4.0,842.0,822.0,20.0,Houston,VLSFO
15-Apr-2026,829.5,-13.5,843.0,819.0,24.0,Houston,VLSFO
29-Apr-2026,1226.0,20.5,1263.0,1190.0,73.0,Houston,MGO
28-Apr-2026,1205.5,-31.5,1250.0,1109.0,141.0,Houston,MGO
27-Apr-2026,1237.0,30.5,1307.0,1140.0,167.0,Houston,MGO
24-Apr-2026,1206.5,17.0,1252.0,1167.5,84.5,Houston,MGO
23-Apr-2026,1189.5,7.5,1223.0,1150.0,73.0,Houston,MGO
22-Apr-2026,1182.0,69.5,1222.0,1140.0,82.0,Houston,MGO
21-Apr-2026,1112.5,36.0,1132.0,1082.0,50.0,Houston,MGO
20-Apr-2026,1076.5,-72.5,1120.0,995.0,125.0,Houston,MGO
17-Apr-2026,1149.0,-41.5,1200.0,997.0,203.0,Houston,MGO
16-Apr-2026,1190.5,-2.0,1214.5,1150.0,64.5,Houston,MGO
15-Apr-2026,1192.5,-41.5,1223.0,1167.0,56.0,Houston,MGO
29-Apr-2026,1260.0,30.0,1260.0,1260.0,0.0,Houston,BIO
28-Apr-2026,1230.0,30.0,1230.0,1230.0,0.0,Houston,BIO
27-Apr-2026,1200.0,-25.0,1200.0,1200.0,0.0,Houston,BIO
24-Apr-2026,1225.0,30.0,1225.0,1225.0,0.0,Houston,BIO
23-Apr-2026,1195.0,15.0,1195.0,1195.0,0.0,Houston,BIO
22-Apr-2026,1180.0,30.0,1180.0,1180.0,0.0,Houston,BIO
21-Apr-2026,1150.0,25.0,1150.0,1150.0,0.0,Houston,BIO
20-Apr-2026,1125.0,-75.0,1125.0,1125.0,0.0,Houston,BIO
17-Apr-2026,1200.0,30.0,1200.0,1200.0,0.0,Houston,BIO
16-Apr-2026,1170.0,-5.0,1170.0,1170.0,0.0,Houston,BIO
15-Apr-2026,1175.0,-35.0,1175.0,1175.0,0.0,Houston,BIO
29-Apr-2026,674.0,11.5,695.0,650.0,45.0,Houston,IFO380
28-Apr-2026,662.5,10.5,674.0,644.0,30.0,Houston,IFO380
27-Apr-2026,652.0,4.5,663.0,635.0,28.0,Houston,IFO380
24-Apr-2026,647.5,18.5,670.5,615.0,55.5,Houston,IFO380
23-Apr-2026,629.0,4.0,653.5,580.0,73.5,Houston,IFO380
22-Apr-2026,625.0,9.5,656.0,580.0,76.0,Houston,IFO380
21-Apr-2026,615.5,4.5,647.0,572.0,75.0,Houston,IFO380
20-Apr-2026,611.0,9.0,672.0,560.0,112.0,Houston,IFO380
17-Apr-2026,602.0,-16.5,632.0,552.0,80.0,Houston,IFO380
16-Apr-2026,618.5,5.0,648.0,592.0,56.0,Houston,IFO380
15-Apr-2026,613.5,-18.0,643.0,574.5,68.5,Houston,IFO380
29-Apr-2026,226.0,10.5,226.0,226.0,0.0,Houston,SS
28-Apr-2026,215.5,-4.5,215.5,215.5,0.0,Houston,SS
27-Apr-2026,220.0,15.5,220.0,220.0,0.0,Houston,SS
24-Apr-2026,204.5,-14.5,204.5,204.5,0.0,Houston,SS
23-Apr-2026,219.0,12.5,219.0,219.0,0.0,Houston,SS
22-Apr-2026,206.5,12.5,206.5,206.5,0.0,Houston,SS
21-Apr-2026,194.0,-2.0,194.0,194.0,0.0,Houston,SS
20-Apr-2026,196.0,-15.0,196.0,196.0,0.0,Houston,SS
17-Apr-2026,211.0,-4.0,211.0,211.0,0.0,Houston,SS
16-Apr-2026,215.0,-1.0,215.0,215.0,0.0,Houston,SS
15-Apr-2026,216.0,4.5,216.0,216.0,0.0,Houston,SS
27-Apr-2026,615.5,-9.0,615.5,615.5,0.0,Houston,MEOH
20-Apr-2026,624.5,139.5,624.5,624.5,0.0,Houston,MEOH
10-Apr-2026,485.0,-0.5,485.0,485.0,0.0,Houston,MEOH
06-Apr-2026,485.5,72.5,485.5,485.5,0.0,Houston,MEOH
30-Mar-2026,413.0,15.5,413.0,413.0,0.0,Houston,MEOH
23-Mar-2026,397.5,25.0,397.5,397.5,0.0,Houston,MEOH
16-Mar-2026,372.5,10.5,372.5,372.5,0.0,Houston,MEOH
09-Mar-2026,362.0,16.0,362.0,362.0,0.0,Houston,MEOH
27-Feb-2026,346.0,-16.5,346.0,346.0,0.0,Houston,MEOH
23-Feb-2026,362.5,-3.0,362.5,362.5,0.0,Houston,MEOH
16-Feb-2026,365.5,3.5,365.5,365.5,0.0,Houston,MEOH
27-Apr-2026,1266.5,-18.5,1266.5,1266.5,0.0,Houston,MEOHVLSF
20-Apr-2026,1285.0,287.5,1285.0,1285.0,0.0,Houston,MEOHVLSF
10-Apr-2026,997.5,-1.0,997.5,997.5,0.0,Houston,MEOHVLSF
06-Apr-2026,998.5,149.0,998.5,998.5,0.0,Houston,MEOHVLSF
30-Mar-2026,849.5,31.5,849.5,849.5,0.0,Houston,MEOHVLSF
23-Mar-2026,818.0,51.5,818.0,818.0,0.0,Houston,MEOHVLSF
16-Mar-2026,766.5,22.0,766.5,766.5,0.0,Houston,MEOHVLSF
09-Mar-2026,744.5,32.5,744.5,744.5,0.0,Houston,MEOHVLSF
27-Feb-2026,712.0,-33.5,712.0,712.0,0.0,Houston,MEOHVLSF
23-Feb-2026,745.5,-6.5,745.5,745.5,0.0,Houston,MEOHVLSF
16-Feb-2026,752.0,7.0,752.0,752.0,0.0,Houston,MEOHVLSF
27-Apr-2026,1313.0,-19.0,1313.0,1313.0,0.0,Houston,MEOHMGOe
20-Apr-2026,1332.0,298.0,1332.0,1332.0,0.0,Houston,MEOHMGOe
10-Apr-2026,1034.0,-1.0,1034.0,1034.0,0.0,Houston,MEOHMGOe
06-Apr-2026,1035.0,154.5,1035.0,1035.0,0.0,Houston,MEOHMGOe
30-Mar-2026,880.5,32.5,880.5,880.5,0.0,Houston,MEOHMGOe
23-Mar-2026,848.0,53.5,848.0,848.0,0.0,Houston,MEOHMGOe
16-Mar-2026,794.5,23.0,794.5,794.5,0.0,Houston,MEOHMGOe
09-Mar-2026,771.5,33.0,771.5,771.5,0.0,Houston,MEOHMGOe
27-Feb-2026,738.5,-34.0,738.5,738.5,0.0,Houston,MEOHMGOe
23-Feb-2026,772.5,-7.0,772.5,772.5,0.0,Houston,MEOHMGOe
16-Feb-2026,779.5,7.5,779.5,779.5,0.0,Houston,MEOHMGOe
29-Apr-2026,848.5,24.5,880.0,815.0,65.0,Fujairah,VLSFO
28-Apr-2026,824.0,17.5,850.0,800.0,50.0,Fujairah,VLSFO
27-Apr-2026,806.5,16.0,845.0,779.0,66.0,Fujairah,VLSFO
24-Apr-2026,790.5,27.5,850.0,735.0,115.0,Fujairah,VLSFO
23-Apr-2026,763.0,39.0,800.0,725.0,75.0,Fujairah,VLSFO
22-Apr-2026,724.0,34.0,745.0,685.0,60.0,Fujairah,VLSFO
21-Apr-2026,690.0,-12.0,706.0,681.0,25.0,Fujairah,VLSFO
20-Apr-2026,702.0,-5.5,720.0,685.0,35.0,Fujairah,VLSFO
17-Apr-2026,707.5,-5.5,715.0,702.0,13.0,Fujairah,VLSFO
16-Apr-2026,713.0,-6.0,720.0,707.0,13.0,Fujairah,VLSFO
15-Apr-2026,719.0,-14.5,733.0,710.0,23.0,Fujairah,VLSFO
29-Apr-2026,1525.0,28.0,1600.0,1482.0,118.0,Fujairah,MGO
28-Apr-2026,1497.0,-17.5,1530.0,1478.0,52.0,Fujairah,MGO
27-Apr-2026,1514.5,7.5,1560.0,1478.0,82.0,Fujairah,MGO
24-Apr-2026,1507.0,40.5,1600.0,1410.0,190.0,Fujairah,MGO
23-Apr-2026,1466.5,61.5,1520.0,1425.0,95.0,Fujairah,MGO
22-Apr-2026,1405.0,71.0,1510.0,1325.0,185.0,Fujairah,MGO
21-Apr-2026,1334.0,-76.0,1354.0,1307.0,47.0,Fujairah,MGO
20-Apr-2026,1410.0,-58.5,1453.0,1320.0,133.0,Fujairah,MGO
17-Apr-2026,1468.5,-5.5,1500.0,1440.0,60.0,Fujairah,MGO
16-Apr-2026,1474.0,3.5,1523.0,1425.0,98.0,Fujairah,MGO
15-Apr-2026,1470.5,-34.5,1533.0,1420.0,113.0,Fujairah,MGO
03-Mar-2026,835.0,95.0,835.0,835.0,0.0,Fujairah,BIO
27-Feb-2026,740.0,15.0,740.0,740.0,0.0,Fujairah,BIO
26-Feb-2026,725.0,0.0,725.0,725.0,0.0,Fujairah,BIO
25-Feb-2026,725.0,0.0,725.0,725.0,0.0,Fujairah,BIO
24-Feb-2026,725.0,0.0,725.0,725.0,0.0,Fujairah,BIO
23-Feb-2026,725.0,-5.0,725.0,725.0,0.0,Fujairah,BIO
20-Feb-2026,730.0,0.0,730.0,730.0,0.0,Fujairah,BIO
19-Feb-2026,730.0,20.0,730.0,730.0,0.0,Fujairah,BIO
18-Feb-2026,710.0,0.0,710.0,710.0,0.0,Fujairah,BIO
17-Feb-2026,710.0,5.0,710.0,710.0,0.0,Fujairah,BIO
16-Feb-2026,705.0,3.0,705.0,705.0,0.0,Fujairah,BIO
29-Apr-2026,667.0,-5.5,683.0,617.0,66.0,Fujairah,IFO380
28-Apr-2026,672.5,11.0,692.0,661.0,31.0,Fujairah,IFO380
27-Apr-2026,661.5,17.0,680.0,643.0,37.0,Fujairah,IFO380
24-Apr-2026,644.5,10.0,658.0,631.5,26.5,Fujairah,IFO380
23-Apr-2026,634.5,27.0,658.0,621.0,37.0,Fujairah,IFO380
22-Apr-2026,607.5,37.0,620.0,593.0,27.0,Fujairah,IFO380
21-Apr-2026,570.5,-24.0,578.0,564.5,13.5,Fujairah,IFO380
20-Apr-2026,594.5,-16.5,615.0,584.0,31.0,Fujairah,IFO380
17-Apr-2026,611.0,-7.5,625.0,602.5,22.5,Fujairah,IFO380
16-Apr-2026,618.5,-2.0,628.0,610.0,18.0,Fujairah,IFO380
15-Apr-2026,620.5,-15.0,638.0,610.5,27.5,Fujairah,IFO380
29-Apr-2026,181.5,30.0,181.5,181.5,0.0,Fujairah,SS
28-Apr-2026,151.5,6.5,151.5,151.5,0.0,Fujairah,SS
27-Apr-2026,145.0,-1.0,145.0,145.0,0.0,Fujairah,SS
24-Apr-2026,146.0,17.5,146.0,146.0,0.0,Fujairah,SS
23-Apr-2026,128.5,12.0,128.5,128.5,0.0,Fujairah,SS
22-Apr-2026,116.5,-3.0,116.5,116.5,0.0,Fujairah,SS
21-Apr-2026,119.5,12.0,119.5,119.5,0.0,Fujairah,SS
20-Apr-2026,107.5,11.0,107.5,107.5,0.0,Fujairah,SS
17-Apr-2026,96.5,2.0,96.5,96.5,0.0,Fujairah,SS
16-Apr-2026,94.5,-4.0,94.5,94.5,0.0,Fujairah,SS
15-Apr-2026,98.5,0.0,98.5,98.5,0.0,Fujairah,SS
27-Apr-2026,399.5,-9.0,399.5,399.5,0.0,Fujairah,MEOH
20-Apr-2026,408.5,1.0,408.5,408.5,0.0,Fujairah,MEOH
10-Apr-2026,407.5,21.0,407.5,407.5,0.0,Fujairah,MEOH
06-Apr-2026,386.5,13.5,386.5,386.5,0.0,Fujairah,MEOH
30-Mar-2026,373.0,34.0,373.0,373.0,0.0,Fujairah,MEOH
23-Mar-2026,339.0,48.5,339.0,339.0,0.0,Fujairah,MEOH
16-Mar-2026,290.5,32.0,290.5,290.5,0.0,Fujairah,MEOH
09-Mar-2026,258.5,41.5,258.5,258.5,0.0,Fujairah,MEOH
27-Feb-2026,217.0,3.5,217.0,217.0,0.0,Fujairah,MEOH
23-Feb-2026,213.5,0.0,213.5,213.5,0.0,Fujairah,MEOH
16-Feb-2026,213.5,-1.5,213.5,213.5,0.0,Fujairah,MEOH
27-Apr-2026,822.0,-19.0,822.0,822.0,0.0,Fujairah,MEOHVLSF
20-Apr-2026,841.0,3.0,841.0,841.0,0.0,Fujairah,MEOHVLSF
10-Apr-2026,838.0,43.5,838.0,838.0,0.0,Fujairah,MEOHVLSF
06-Apr-2026,794.5,27.0,794.5,794.5,0.0,Fujairah,MEOHVLSF
30-Mar-2026,767.5,70.5,767.5,767.5,0.0,Fujairah,MEOHVLSF
23-Mar-2026,697.0,99.5,697.0,697.0,0.0,Fujairah,MEOHVLSF
16-Mar-2026,597.5,66.0,597.5,597.5,0.0,Fujairah,MEOHVLSF
09-Mar-2026,531.5,85.0,531.5,531.5,0.0,Fujairah,MEOHVLSF
27-Feb-2026,446.5,7.0,446.5,446.5,0.0,Fujairah,MEOHVLSF
23-Feb-2026,439.5,0.5,439.5,439.5,0.0,Fujairah,MEOHVLSF
16-Feb-2026,439.0,-3.5,439.0,439.0,0.0,Fujairah,MEOHVLSF
27-Apr-2026,852.0,-19.5,852.0,852.0,0.0,Fujairah,MEOHMGOe
20-Apr-2026,871.5,3.0,871.5,871.5,0.0,Fujairah,MEOHMGOe
10-Apr-2026,868.5,45.0,868.5,868.5,0.0,Fujairah,MEOHMGOe
06-Apr-2026,823.5,28.0,823.5,823.5,0.0,Fujairah,MEOHMGOe
30-Mar-2026,795.5,73.0,795.5,795.5,0.0,Fujairah,MEOHMGOe
23-Mar-2026,722.5,103.0,722.5,722.5,0.0,Fujairah,MEOHMGOe
16-Mar-2026,619.5,68.5,619.5,619.5,0.0,Fujairah,MEOHMGOe
09-Mar-2026,551.0,88.0,551.0,551.0,0.0,Fujairah,MEOHMGOe
27-Feb-2026,463.0,7.0,463.0,463.0,0.0,Fujairah,MEOHMGOe
23-Feb-2026,456.0,0.5,456.0,456.0,0.0,Fujairah,MEOHMGOe
16-Feb-2026,455.5,-3.0,455.5,455.5,0.0,Fujairah,MEOHMGOe
